1453095969326,0.016830444,-0.51542664,0.60284424
1453095969344,0.9312439,-58.858704,6.8101044
1453095969363,0.88394165,-58.71428,6.814209
1453095969384,-9.54216,-2.8877716,6.5668945
1453095969403,-9.140991,-2.825241,6.7079315
1453095969426,-8.713379,-2.7877045,6.9874573
1453095969443,-8.574814,-2.7453918,7.2200317
1453095969466,-8.699188,-2.5617218,7.1350555
1453095969483,-8.846832,-2.1364288,6.67099
1453095969510,-8.851547,-1.7844086,6.153824
1453095969525,-8.896469,-1.6454163,5.9911804
1453095969544,-9.166214,-1.440918,6.203537
1453095969565,-9.4253235,-1.3190308,6.528305
1453095969584,-9.456131,-1.465683,6.7549133
1453095969603,-9.374878,-1.9064331,6.894638
1453095969624,-9.38208,-1.9333649,6.801773
1453095969643,-9.686523,-1.265091,6.7096405
1453095969666,-10.01178,-0.916275,6.8242188
1453095969685,-9.911713,-1.179657,6.7534943
1453095969706,-9.645294,-1.7869263,6.6666565
1453095969723,-9.548004,-2.2451172,6.7857056
1453095969744,-9.821854,-1.6426697,6.762558
1453095969763,-10.273819,-0.006515503,6.6307526
1453095969788,-10.278671,0.7967987,6.647415
1453095969809,-9.572144,0.8027954,7.3045807
1453095969827,-9.566071,0.33006287,7.573166
1453095969850,-10.228577,-0.49380493,8.007629
1453095969868,-10.431274,-0.37641907,7.978714
1453095969886,-10.51123,0.124053955,7.512024
1453095969910,-10.362244,0.33280945,7.2260437
1453095969930,-9.995834,0.045715332,6.990326
1453095969944,-9.9973755,-0.16040039,7.0799255
1453095969963,-10.310089,-0.34532166,7.6769257
1453095969985,-10.78653,-0.101623535,8.329941
1453095970007,-10.821854,-0.26634216,8.981934
1453095970029,-10.080475,-1.1390228,9.052689
1453095970045,-9.226807,-2.225174,8.174484
1453095970068,-8.718567,-2.9999847,7.046509
1453095970090,-8.4700775,-3.2450867,6.268921
1453095970111,-8.546463,-2.7830505,5.959839
1453095970128,-8.798965,-2.021286,5.8920593
1453095970149,-9.008636,-1.5233765,5.8323975
1453095970164,-9.0633545,-1.4276123,5.925598
1453095970188,-8.710953,-1.4566345,5.953903
1453095970207,-7.8006134,-1.3801117,6.1960907
1453095970229,-6.729233,-1.3032684,6.910965
1453095970248,-6.2607727,-1.1891022,7.540329
1453095970267,-6.513794,-0.66542053,7.4763184
1453095970288,-6.9744873,0.27198792,6.3916016
1453095970310,-7.3474274,1.0014343,5.300934
1453095970330,-7.699066,1.3657227,5.155197
1453095970345,-7.9867554,1.6132813,5.500763
1453095970363,-8.218384,1.6686554,5.7887573
1453095970385,-8.422256,1.4972076,5.85878
1453095970405,-8.50885,1.2319489,5.860565
1453095970427,-8.499298,0.9369812,5.9690704
1453095970444,-8.496246,0.74305725,6.2061768
1453095970467,-8.572815,1.0574493,6.3902435
1453095970490,-8.675705,1.5187225,6.3942566
1453095970506,-8.766785,1.5549927,6.381958
1453095970529,-8.868835,1.5973206,6.441574
1453095970545,-0.055389404,0.10636902,-0.57603455
1453095970564,0.028900146,0.23646545,-0.55137634
1453095970587,0.19825745,0.114990234,-0.42108154
1453095970611,0.37295532,0.048202515,-0.17552185
1453095970629,0.44448853,0.15585327,0.07978821
1453095970651,0.40907288,0.20805359,0.22875977
1453095970671,0.37295532,0.09284973,0.3093567
1453095970689,0.35488892,-0.0022583008,0.3939972
1453095970709,0.38163757,-0.08206177,0.5740509
1453095970728,0.47790527,-0.3033905,0.78292847
1453095970747,0.47561646,-0.5585022,0.7965393
1453095970767,0.12704468,-0.7836609,0.7866821
1453095970790,-0.4558258,-1.1608276,1.3083038
1453095970808,-0.4901123,-1.8997345,2.6167145
1453095970827,0.6028595,-2.7813568,3.543518
1453095970846,2.011032,-3.0655212,2.8371887
1453095970869,2.4983978,-2.9467316,0.9728546
1453095970886,1.8642578,-2.9186707,-0.8738251
1453095970912,0.6696167,-2.4362488,-2.1732178
1453095970927,-0.5882263,-1.5499268,-3.0463257
1453095970950,-1.1505432,-1.3814087,-3.2784882
1453095970967,-1.9414978,-1.9981995,-2.876999
1453095970989,-2.0671844,-2.1645813,-2.4438019
1453095971006,-1.6006622,-2.023117,-0.6676483
1453095971028,-1.2041473,-2.2639465,-0.019348145
1453095971044,0.3578949,-3.8992615,1.0668335
1453095971066,0.59880066,-4.081711,1.0370178
1453095971088,-0.10670471,-3.0305634,0.35118103
1453095971107,-0.4765625,-2.5833435,-0.028030396
1453095971124,-1.0663757,-1.8951416,-0.84233093
1453095971146,-1.2965393,-1.3015442,-1.3691406
1453095971165,-1.2562408,-0.8940582,-1.3787994
1453095971186,-1.1054688,-0.799057,-0.9288788
1453095971211,-0.8937073,-0.9342499,-0.37399292
1453095971228,-0.65693665,-1.2767029,-0.082839966
1453095971250,-0.5513458,-1.5421906,-0.1217041
1453095971267,-0.53822327,-1.5011292,-0.2849121
1453095971287,-0.48968506,-1.3417969,-0.42382813
1453095971311,-0.4746704,-1.0346069,-0.5618744
1453095971329,-0.61346436,-0.84194946,-0.74902344
1453095971350,-0.8809204,-0.91252136,-0.89805603
1453095971365,-1.2106934,-0.8859558,-0.8887024
1453095971386,-1.4808655,-0.6121063,-0.84558105
1453095971405,-1.5890503,-0.42903137,-0.90278625
1453095971428,-1.5219879,-0.44088745,-0.95965576
1453095971447,-1.322937,-0.4853363,-0.87757874
1453095971470,-1.1330109,-0.55189514,-0.6712799
1453095971487,-1.067688,-0.5629883,-0.45550537
1453095971513,-1.1175232,-0.51724243,-0.26895142
1453095971530,-1.230484,-0.550766,-0.14993286
1453095971548,-1.3489838,-0.62080383,-0.15563965
1453095971569,-1.3166046,-0.6096039,-0.20477295
1453095971589,-1.2572021,-0.4839325,-0.14292908
1453095971609,-1.3869781,-0.32748413,0.3800354
1453095971630,-1.0465851,-0.56336975,1.3122253
1453095971646,0.17530823,-1.6468048,2.319519
1453095971669,1.7513428,-3.2190552,2.8672485
1453095971687,2.9396057,-4.2597656,2.6325684
1453095971713,3.3619843,-4.2138977,1.9209137
1453095971728,3.1247559,-3.4156952,0.75686646
1453095971746,2.3723602,-2.5391693,-0.6343689
1453095971765,1.4466553,-2.039383,-1.6876831
1453095971786,0.80830383,-1.8050232,-2.189392
1453095971811,0.6415405,-1.521637,-2.137024
1453095971828,0.7885132,-1.3271179,-1.647171
1453095971845,1.0670166,-1.5299225,-0.8704376
1453095971870,1.5652924,-2.0123444,-0.0664978
1453095971892,2.0900726,-2.1386566,0.32014465
1453095971911,2.1512146,-1.7443085,0.15507507
1453095971929,1.6768494,-1.3799896,-0.2216034
1453095971949,0.9919281,-1.2156982,-0.47306824
1453095971968,0.42173767,-0.9895935,-0.5654297
1453095971989,0.18823242,-0.8098297,-0.6572113
1453095972010,0.1960144,-0.7996979,-0.82980347
1453095972027,0.2564392,-0.79426575,-0.9924927
1453095972052,0.34547424,-0.77149963,-1.0544891
1453095972067,0.41804504,-0.73106384,-0.9298096
1453095972088,0.40220642,-0.5744171,-0.6656952
1453095972110,0.32218933,-0.38856506,-0.46443176
1453095972130,0.19595337,-0.24484253,-0.3828888
1453095972151,0.17893982,-0.25772095,-0.33996582
1453095972169,0.35464478,-0.31669617,-0.19165039
1453095972191,0.46125793,-0.25076294,-0.18684387
1453095972209,0.6383362,0.23298645,-0.2680664
1453095972230,0.6467438,0.3370819,-0.27253723
1453095972249,0.4981537,0.3930359,-0.085113525
1453095972270,0.46676636,0.30290222,-0.0073242188
1453095972289,0.35380554,0.23535156,0.1325531
1453095972311,0.33670044,0.21556091,0.31658936
1453095972334,0.49501038,0.092056274,0.4540863
1453095972347,0.6954498,-0.06689453,0.45825195
1453095972368,0.7736969,-0.11465454,0.37013245
1453095972387,0.80081177,-0.19697571,0.32081604
1453095972406,0.8102112,-0.4043274,0.23294067
1453095972427,0.5844574,-0.5268402,0.15487671
1453095972447,0.3140564,-0.56196594,0.41125488
1453095972472,0.34461975,-0.8336792,0.98838806
1453095972486,0.69447327,-1.5741272,1.6665497
1453095972514,1.2642517,-2.394928,1.9872437
1453095972528,1.6945648,-2.7462158,1.4664612
1453095972551,1.565628,-2.7963867,0.39178467
1453095972566,0.9606781,-2.7391815,-0.64920044
1453095972587,0.18286133,-2.4917755,-1.2947693
1453095972611,-0.50071716,-2.2621613,-1.4775238
1453095972630,-0.8461914,-2.2656097,-1.3258514
1453095972650,-0.77246094,-2.4228516,-0.9346771
1453095972671,-0.4278717,-2.4711761,-0.4521637
1453095972687,0.027893066,-2.4013062,0.0121154785
1453095972714,0.4180298,-2.2836914,0.20855713
1453095972731,0.5489197,-1.9168549,-0.08366394
1453095972749,0.3820343,-1.3819885,-0.60591125
1453095972769,0.05708313,-1.1212311,-0.91641235
1453095972794,-0.19979858,-1.1575775,-0.9677429
1453095972809,-0.2703247,-1.0709686,-0.90460205
1453095972831,-0.269516,-0.90322876,-0.7928314
1453095972849,-0.29762268,-0.8733063,-0.6898804
1453095972870,-0.33235168,-0.8977661,-0.62091064
1453095972893,-0.3368225,-0.88275146,-0.51301575
1453095972909,-0.32157898,-0.9057007,-0.3947754
1453095972927,-0.30867004,-0.8309479,-0.4103241
1453095972951,-0.3590088,-0.60746765,-0.51600647
1453095972967,-0.44613647,-0.3862915,-0.5939636
1453095972988,-0.48217773,-0.24984741,-0.6617279
1453095973013,-0.55903625,-0.15661621,-0.7295227
1453095973029,-0.6981354,-0.16055298,-0.58558655
1453095973049,-0.81573486,-0.3986969,-0.09616089
1453095973071,-0.79096985,-0.65478516,0.42634583
1453095973091,-0.61402893,-0.70806885,0.5964203
1453095973108,-0.28668213,-0.95780945,0.53775024
1453095973130,0.09664917,-1.3156738,0.3368988
1453095973148,0.100997925,-1.0840454,0.16519165
1453095973170,-0.0027770996,-0.12905884,0.4838562
1453095973189,0.21661377,0.5092926,1.3840485
1453095973207,0.7614136,-0.39030457,2.3400574
1453095973228,1.5556488,-1.9987946,2.5207825
1453095973250,1.9870148,-2.3394623,1.8726044
1453095973269,1.7098236,-1.4759827,0.86473083
1453095973290,1.0900726,-0.9548187,-0.44873047
1453095973314,0.4747467,-1.2473755,-1.5788269
1453095973333,0.19256592,-1.5995789,-1.7787018
1453095973353,0.1459961,-1.651535,-1.556839
1453095973368,0.43370056,-2.0347595,-0.8754883
1453095973388,0.562973,-2.246231,-0.81689453
1453095973407,0.76312256,-2.489563,-0.7431183
1453095973429,0.69522095,-2.2504272,-0.68263245
1453095973449,0.2403717,-0.37580872,-0.5579071
1453095973470,0.052322388,0.09902954,-0.52970886
1453095973494,-0.057159424,-0.18395996,-0.44499207
1453095973509,0.05570984,-1.1102448,-0.40841675
1453095973530,0.2098999,-1.1728363,-0.44400024
1453095973548,0.10020447,-0.08503723,-0.55163574
1453095973567,-0.11238098,0.42668152,-0.6404114
1453095973589,0.15492249,-0.5435791,-0.6304321
1453095973609,0.5868988,-1.2938995,-0.4521942
1453095973632,0.62072754,-0.7485657,-0.17739868
1453095973650,0.4262085,0.17349243,-0.05354309
1453095973669,0.38609314,0.10787964,-0.05984497
1453095973690,0.6996002,-0.6237335,-0.09875488
1453095973711,0.95077515,-0.32862854,-0.070632935
1453095973730,0.80122375,0.51242065,0.13839722
1453095973754,0.7168884,0.30395508,0.3240509
1453095973770,0.81954956,-0.47920227,0.4002533
1453095973795,0.84791565,-0.60035706,0.37223816
1453095973809,0.85931396,-0.10139465,0.216568
1453095973831,1.0175781,-0.027267456,0.19876099
1453095973849,1.1555328,-0.6443329,0.38571167
1453095973874,0.725708,-1.1823883,0.682724
1453095973888,-0.0038909912,-1.2364197,1.078125
1453095973911,-0.23608398,-1.3855591,1.7837677
1453095973928,0.34947205,-2.0368958,2.5917206
1453095973951,1.4139099,-2.4715118,2.573166
1453095973968,2.015442,-2.1326447,1.5933838
1453095973990,1.5991211,-1.5632629,0.37779236
1453095974015,0.61161804,-1.4406586,-0.5974426
1453095974033,-0.53674316,-1.7870636,-1.0799255
1453095974052,-1.6602631,-2.2011719,-1.144104
1453095974072,-2.287262,-2.076416,-1.2361145
1453095974093,-2.1924133,-1.5842438,-1.3943939
1453095974113,-1.6401825,-1.5500946,-1.2329254
1453095974135,-0.88139343,-2.0167084,-0.8312988
1453095974150,-0.23339844,-2.2247162,-0.63127136
1453095974168,0.1056366,-1.725769,-0.72709656
1453095974189,0.3125763,-1.2099762,-0.7932892
1453095974210,0.4875183,-1.4604797,-0.5427246
1453095974236,0.41293335,-1.8166351,-0.26965332
1453095974249,0.01838684,-1.734848,-0.23731995
1453095974276,-0.3876953,-1.4601898,-0.37835693
1453095974291,-0.6118469,-1.2648621,-0.5168762
1453095974313,-0.5746918,-1.3433075,-0.6021576
1453095974338,-0.37445068,-1.2741394,-0.784729
1453095974349,-0.318573,-0.73643494,-0.89463806
1453095974374,-0.42893982,-0.31288147,-0.7004852
1453095974390,-0.3940277,-0.4726715,-0.43847656
1453095974410,-0.11613464,-0.73895264,-0.28477478
1453095974431,0.11051941,-0.46380615,-0.18217468
1453095974450,0.013580322,-0.10179138,-0.07640076
1453095974473,-0.10757446,-0.1775055,-0.092056274
1453095974495,-0.08728027,-0.29792786,-0.15762329
1453095974516,-0.14930725,-0.27293396,-0.09159851
1453095974532,-0.5961914,-0.2472229,0.3413849
1453095974549,-0.8025818,-0.5483093,0.46577454
1453095974571,-0.90449524,-1.0924225,0.33744812
1453095974589,-0.92251587,-0.9414978,0.14768982
1453095974615,-1.0142975,-0.5545044,0.49301147
1453095974634,-1.0768127,-0.7780304,0.9271393
1453095974648,-0.8540497,-1.6984863,1.8063965
1453095974670,-0.78637695,-1.6886139,1.7592468
1453095974688,-0.4649048,-1.44281,1.322525
1453095974716,-0.07525635,-1.5128326,0.9199219
1453095974732,0.3027954,-1.8474884,0.56056213
1453095974752,0.36254883,-1.7489319,-0.040145874
1453095974768,-0.01663208,-1.4534454,-0.6497345
1453095974790,-0.5151367,-1.5295715,-0.9037781
1453095974809,-0.66433716,-1.7282715,-0.72665405
1453095974836,-0.38935852,-1.7074127,-0.4506836
1453095974852,0.011260986,-1.5021362,-0.36509705
1453095974876,0.37304688,-1.3493042,-0.2888794
1453095974892,0.68699646,-1.606842,0.035324097
1453095974916,0.86883545,-2.0195007,0.2344513
1453095974932,0.75942993,-1.8940582,-0.012069702
1453095974954,0.47428894,-1.2593689,-0.46105957
1453095974975,0.3401184,-0.8319855,-0.7939606
1453095974997,0.40707397,-0.8478241,-0.833786
1453095975015,0.50668335,-0.95487976,-0.7209625
1453095975037,0.5779114,-0.8436737,-0.6558838
1453095975055,0.6087189,-0.59643555,-0.58973694
1453095975077,0.64151,-0.6741638,-0.3862915
1453095975090,0.8789978,-1.0611115,-0.094177246
1453095975117,1.2650452,-1.0088348,0.07266235
1453095975130,1.5457458,-0.42755127,0.029800415
1453095975157,1.688858,-0.06718445,-0.15576172
1453095975170,1.7237701,-0.1592102,-0.30566406
1453095975196,1.6119995,-0.11161804,-0.3336029
1453095975212,1.3725891,0.20613098,-0.3010254
1453095975236,1.4314728,0.32528687,-0.30412292
1453095975251,1.6517334,0.19761658,-0.39161682
1453095975271,1.69664,0.18582153,-0.48023987
1453095975295,1.6295929,0.32496643,-0.5152588
1453095975314,1.5207062,0.2868805,-0.44628906
1453095975332,1.4190521,0.031951904,-0.21788025
1453095975356,1.3955383,-0.13594055,-0.006362915
1453095975369,1.27948,-0.05708313,0.17527771
1453095975391,1.2026978,0.049728394,0.4103241
1453095975411,1.0995636,-0.010238647,0.6027527
1453095975432,0.73979187,-0.20469666,0.97402954
1453095975451,0.42497253,-0.49299622,1.4614105
1453095975471,0.15493774,-0.9108887,1.7562256
1453095975489,-0.069869995,-1.3517151,1.8675232
1453095975511,0.10473633,-1.6460266,1.5886078
1453095975529,0.28060913,-1.8162689,0.97946167
1453095975551,0.011795044,-1.9613953,0.34033203
1453095975573,-0.52012634,-2.0073242,-0.23893738
1453095975592,-1.0780792,-2.0263062,-0.6228943
1453095975609,-1.4082947,-2.271286,-0.74057007
1453095975632,-1.3750916,-2.6433258,-0.7036133
1453095975655,-1.1047211,-2.8975983,-0.46398926
1453095975672,-0.7469177,-2.8169708,-0.062210083
1453095975696,-0.3969574,-2.4043427,0.21118164
1453095975717,-0.2606964,-2.1173248,0.22862244
1453095975736,-0.32411194,-1.5989838,0.04838562
1453095975757,-0.42559814,-1.5489502,-0.039093018
1453095975776,-0.7658539,-1.4204559,-0.18661499
1453095975797,-0.8009491,-1.3181458,-0.20756531
1453095975816,-0.76208496,-0.9018097,-0.4140625
1453095975837,-0.7091675,-0.818161,-0.47647095
1453095975851,-0.5268707,-0.7738342,-0.38710022
1453095975876,-0.4507599,-0.8163452,-0.30407715
1453095975897,-0.29689026,-0.78440857,-0.2088623
1453095975918,-0.22203064,-0.7409668,-0.22640991
1453095975937,-0.22492981,-0.7100525,-0.28573608
1453095975957,-0.23075867,-0.6096649,-0.38053894
1453095975976,-0.26843262,-0.5178833,-0.4618988
1453095975997,-0.37117004,-0.46826172,-0.46821594
1453095976017,-0.41474915,-0.38346863,-0.4153595
1453095976034,-0.32695007,-0.27879333,-0.3106537
1453095976053,-0.23570251,-0.29283142,-0.1485138
1453095976071,-0.16394043,-0.51519775,0.05659485
1453095976090,-0.033584595,-0.80667114,0.24084473
1453095976115,0.088516235,-0.772995,0.35533142
1453095976131,-0.062408447,-0.42045593,0.5084381
1453095976155,-0.3853302,-0.24914551,0.93447876
1453095976172,-0.2861786,-0.6585083,1.5424194
1453095976196,0.35681152,-1.3974762,1.8983765
1453095976215,1.155777,-1.7055664,1.7634125
1453095976235,1.7946167,-1.3211975,1.0901489
1453095976250,1.8400879,-0.81100464,0.028503418
1453095976275,1.0846252,-0.8231964,-0.87641907
1453095976294,0.1429596,-1.2754974,-1.2698517
1453095976311,-0.35861206,-1.5643921,-1.1886597
1453095976330,-0.28248596,-1.4691925,-0.9078064
1453095976351,0.27020264,-1.2727814,-0.64512634
1453095976370,1.0123138,-1.3113708,-0.36338806
1453095976393,1.5454102,-1.4753723,-0.10134888
1453095976412,1.599762,-1.310791,-0.11958313
1453095976434,1.2203064,-0.81692505,-0.4189911
1453095976456,0.747818,-0.45057678,-0.765213
1453095976477,0.40089417,-0.32054138,-0.9887543
1453095976493,0.22520447,-0.20353699,-1.0158539
1453095976516,0.2605896,0.022598267,-0.9452667
1453095976532,0.40879822,0.19102478,-0.7896576
1453095976557,0.62716675,0.13391113,-0.5695648
1453095976575,0.8509064,-0.059143066,-0.36793518
1453095976592,0.92370605,-0.13145447,-0.24937439
1453095976615,0.8272095,0.058288574,-0.29112244
1453095976637,0.69296265,0.2889862,-0.40353394
1453095976657,0.6950073,0.29187012,-0.44058228
1453095976672,0.7075348,0.20169067,-0.4210205
1453095976691,0.59625244,0.38755798,-0.38157654
1453095976718,0.45066833,0.65322876,-0.31201172
1453095976737,0.44958496,0.53274536,-0.15264893
1453095976757,0.6288147,0.18435669,0.06535339
1453095976777,0.796875,0.06439209,0.26531982
1453095976798,0.89512634,0.16722107,0.4495697
1453095976817,1.0707703,0.10612488,0.60383606
1453095976837,1.349762,-0.22676086,0.6746826
1453095976857,1.3026428,-0.47988892,0.67744446
1453095976877,0.89390564,-0.644104,0.95095825
1453095976896,0.81126404,-0.9008179,1.2341919
1453095976915,0.7675171,-1.0770111,1.2979889
1453095976937,0.65802,-1.7865295,1.6758423
1453095976956,0.78608704,-1.9691315,1.7450104
1453095976975,1.198761,-2.045517,1.2791748
1453095976993,1.0260468,-1.9756012,0.9817352
1453095977014,0.26916504,-1.9868317,0.0065460205
1453095977032,0.055114746,-2.0349731,-0.31599426
1453095977053,-0.43621826,-2.0653687,-0.8265228
1453095977075,-0.9373474,-2.00354,-1.0683746
1453095977096,-1.1227264,-2.0299377,-1.072815
1453095977115,-0.90589905,-2.208084,-0.9870148
1453095977131,-0.5456085,-2.404663,-0.89627075
1453095977158,-0.30368042,-2.3016205,-0.74757385
1453095977177,-0.24623108,-1.9824677,-0.5334778
1453095977199,-0.2622223,-1.8944855,-0.34144592
1453095977218,-0.29049683,-2.0604858,-0.20684814
1453095977238,-0.37254333,-2.1332092,-0.080581665
1453095977257,-0.46281433,-2.0279999,0.11663818
1453095977279,-0.4308014,-2.0371857,0.3456421
1453095977298,-0.303833,-2.1633606,0.49839783
1453095977318,-0.14083862,-2.0576324,0.5288849
1453095977337,-0.022628784,-1.7377014,0.43449402
1453095977361,0.02684021,-1.5325775,0.24685669
1453095977373,-0.0032348633,-1.4557495,0.046340942
1453095977395,-0.16682434,-1.3958435,-0.061279297
1453095977411,-0.30036926,-1.3724518,-0.13955688
1453095977433,-0.29878235,-1.3137512,-0.28276062
1453095977454,-0.259552,-1.1908264,-0.35528564
1453095977473,-0.19607544,-1.1612396,-0.28237915
1453095977498,-0.08584595,-1.3094635,-0.12727356
1453095977519,0.04714966,-1.2389526,-0.04650879
1453095977537,0.049316406,-0.87841797,-0.07997131
1453095977558,-0.12928772,-0.6917572,-0.12478638
1453095977577,-0.2997589,-0.8273468,-0.1209259
1453095977598,-0.33267212,-0.98420715,-0.097595215
1453095977617,-0.2820282,-0.8800659,-0.08694458
1453095977638,-0.22195435,-0.5702057,-0.07698059
1453095977657,-0.12483215,-0.5589905,-0.021194458
1453095977679,0.06715393,-0.8335571,0.064315796
1453095977698,0.22262573,-0.8200531,0.08995056
1453095977718,0.19439697,-0.4793396,0.04864502
1453095977737,0.111328125,-0.4138794,0.015563965
1453095977756,0.1570282,-0.71699524,0.004257202
1453095977775,0.25263977,-0.82159424,-0.01550293
1453095977800,0.25639343,-0.59968567,-0.05937195
1453095977817,0.19519043,-0.40821838,-0.11004639
1453095977837,0.16616821,-0.51116943,-0.15789795
1453095977857,0.16020203,-0.68270874,-0.17745972
1453095977877,0.14683533,-0.6608734,-0.18048096
1453095977899,0.08874512,-0.46043396,-0.2037201
1453095977918,0.048416138,-0.3878479,-0.18638611
1453095977935,0.15480042,-0.56318665,-0.1335144
1453095977958,0.28160095,-0.66659546,-0.10246277
1453095977975,0.2783661,-0.5193634,-0.068115234
1453095977997,0.23017883,-0.3564148,-0.06088257
1453095978016,0.22189331,-0.3580475,-0.061935425
1453095978037,0.23001099,-0.41619873,-0.033706665
1453095978056,0.237854,-0.38557434,-0.025405884
1453095978076,0.24893188,-0.30688477,-0.046539307
1453095978097,0.2601776,-0.08685303,-0.1531372
1453095978118,0.23007202,-0.104156494,-0.17643738
1453095978134,0.17466736,-0.31373596,-0.122802734
1453095978159,0.19395447,-0.31684875,-0.10998535
1453095978172,0.19895935,-0.16235352,-0.11701965
1453095978193,0.18183899,-0.16200256,-0.10688782
1453095978212,0.23246765,-0.3946228,-0.09161377
1453095978235,0.25198364,-0.4195099,-0.10231018
1453095978258,0.209198,-0.28167725,-0.11463928
1453095978278,0.16386414,-0.12771606,-0.115722656
1453095978292,0.2058258,-0.1456604,-0.13475037
1453095978318,0.23474121,-0.20524597,-0.17295837
1453095978336,0.15002441,-0.17828369,-0.18388367
1453095978354,0.030761719,-0.08985901,-0.16607666
1453095978372,-0.013641357,-0.08984375,-0.14253235
1453095978395,0.04748535,-0.22457886,-0.108184814
1453095978412,0.14730835,-0.28050232,-0.10836792
1453095978436,0.1975708,-0.14315796,-0.114868164
1453095978454,0.15133667,-0.009628296,-0.09669495
1453095978475,0.07685852,-0.12712097,-0.075927734
1453095978494,0.045135498,-0.31967163,-0.0844574
1453095978518,0.026809692,-0.18037415,-0.114746094
1453095978534,0.022659302,0.08799744,-0.13023376
1453095978560,0.077194214,0.036499023,-0.11981201
1453095978575,0.14083862,-0.16856384,-0.09938049
1453095978599,0.117996216,-0.20845032,-0.09425354
1453095978618,0.07975769,-0.13468933,-0.0700531
1453095978637,0.14634705,-0.092041016,-0.079315186
1453095978658,0.22303772,-0.041381836,-0.14149475
1453095978677,0.2136383,0.032058716,-0.19877625
1453095978697,0.10185242,0.036880493,-0.21760559
1453095978715,-0.06237793,-0.041030884,-0.18830872
1453095978735,-0.062286377,-0.14630127,-0.14433289
1453095978754,0.0965271,-0.14338684,-0.12539673
1453095978773,0.21098328,-0.06871033,-0.092178345
1453095978794,0.24971008,-0.1068573,-0.05265808
1453095978814,0.2722168,-0.18934631,-0.0566864
1453095978838,0.23971558,-0.10758972,-0.09539795
1453095978858,0.19718933,0.028762817,-0.1483612
1453095978877,0.19230652,0.08267212,-0.21998596
1453095978895,0.12705994,0.038406372,-0.2770996
1453095978915,0.021774292,-0.05253601,-0.27653503
1453095978939,0.0027160645,-0.0693512,-0.24310303
1453095978954,0.07763672,0.008346558,-0.20979309
1453095978978,0.139328,0.0340271,-0.16645813
1453095978999,0.14022827,-0.06741333,-0.09358215
1453095979013,0.1091156,-0.1545105,-0.04499817
1453095979041,0.07525635,-0.070892334,-0.060058594
1453095979057,0.064468384,0.05961609,-0.08911133
1453095979077,0.09239197,0.03703308,-0.102890015
1453095979093,0.10975647,-0.06846619,-0.106552124
1453095979115,0.13876343,-0.10966492,-0.12942505
1453095979139,0.13414001,-0.035247803,-0.17755127
1453095979159,0.06726074,0.09486389,-0.18797302
1453095979179,0.09812927,0.107421875,-0.16804504
1453095979196,0.21516418,-0.0057678223,-0.19029236
1453095979218,0.18275452,-0.04624939,-0.21907043
1453095979237,0.041259766,0.0554657,-0.2341919
1453095979258,0.021850586,0.13339233,-0.25395203
1453095979279,0.034240723,0.12298584,-0.25431824
1453095979299,0.08493042,-0.031280518,-0.19165039
1453095979322,0.11331177,-0.09327698,-0.15771484
1453095979333,0.18684387,-0.11160278,-0.07627869
1453095979355,0.18475342,-0.06674194,-0.08229065
1453095979377,0.13279724,0.08648682,-0.140625
1453095979400,0.12608337,0.09184265,-0.16442871
1453095979414,0.11105347,0.015899658,-0.20716858
1453095979437,0.08218384,-0.03300476,-0.21186829
1453095979456,0.081848145,0.02079773,-0.2220459
1453095979475,0.06881714,0.08509827,-0.22770691
1453095979498,0.030258179,0.057724,-0.19464111
1453095979519,0.042877197,-0.027877808,-0.14648438
1453095979539,0.13569641,-0.06764221,-0.117492676
1453095979555,0.19166565,-0.033996582,-0.10324097
1453095979578,0.14219666,-5.187988E-4,-0.06503296
1453095979599,0.09761047,-0.03262329,-0.045333862
1453095979619,0.11064148,-0.04573059,-0.06437683
1453095979641,0.12451172,3.5095215E-4,-0.09310913
1453095979658,0.13227844,0.06149292,-0.13156128
1453095979678,0.15867615,0.090148926,-0.18885803
1453095979698,0.17123413,0.060455322,-0.21237183
1453095979715,0.15045166,0.018554688,-0.20689392
1453095979734,0.14923096,0.0019073486,-0.19239807
1453095979759,0.19670105,0.03907776,-0.1688385
1453095979778,0.24945068,0.055892944,-0.15948486
1453095979799,0.2362976,0.0072631836,-0.16412354
1453095979821,0.1851654,-0.031219482,-0.18315125
1453095979842,0.14157104,-0.016860962,-0.20233154
1453095979854,0.11186218,-0.008972168,-0.17396545
1453095979880,0.09074402,0.010055542,-0.16542053
1453095979897,0.102767944,0.071746826,-0.17599487
1453095979920,0.18060303,0.086380005,-0.17114258
1453095979939,0.2524109,0.03717041,-0.15187073
1453095979958,0.21572876,-0.010131836,-0.1377716
1453095979974,0.14167786,0.019805908,-0.14326477
1453095979995,0.12193298,0.07359314,-0.13426208
1453095980018,0.16421509,0.08218384,-0.13467407
1453095980040,0.17758179,0.052520752,-0.14944458
1453095980060,0.13999939,0.03363037,-0.15974426
1453095980078,0.11616516,0.00793457,-0.16438293
1453095980098,0.11491394,-0.018661499,-0.18858337
1453095980119,0.0874176,0.044830322,-0.21372986
1453095980139,0.071746826,0.10144043,-0.20980835
1453095980159,0.09918213,0.06329346,-0.20074463
1453095980180,0.10949707,0.006576538,-0.19628906
1453095980196,0.08695984,-0.031188965,-0.17260742
1453095980215,0.09542847,-0.005050659,-0.15892029
1453095980239,0.117996216,0.06590271,-0.16017151
1453095980260,0.114974976,0.0740509,-0.15628052
1453095980278,0.06588745,-0.010559082,-0.13763428
1453095980300,0.033706665,-0.100494385,-0.11399841
1453095980322,0.095184326,-0.077041626,-0.09086609
1453095980339,0.20321655,0.037109375,-0.08703613
1453095980356,0.24726868,0.100860596,-0.13096619
1453095980375,0.20928955,0.08389282,-0.17939758
1453095980396,0.15133667,0.07034302,-0.23254395
1453095980417,0.06654358,0.08113098,-0.2906952
1453095980438,-0.04748535,0.06782532,-0.286911
1453095980456,-0.083862305,0.04510498,-0.21601868
1453095980480,-0.05142212,0.047698975,-0.17871094
1453095980498,0.05807495,0.07817078,-0.1416626
1453095980519,0.057144165,0.10760498,-0.14797974
1453095980535,-0.029006958,0.122558594,-0.14967346
1453095980557,-0.06442261,0.11782837,-0.15046692
1453095980575,-0.017120361,0.06506348,-0.17481995
1453095980596,0.020248413,0.10765076,-0.20457458
1453095980618,-1.5258789E-5,0.2838745,-0.25914
1453095980639,-0.10006714,0.4074707,-0.29377747
1453095980657,-0.16064453,0.36427307,-0.33735657
1453095980676,-0.19508362,0.2932129,-0.35690308
1453095980701,-0.22387695,0.25379944,-0.35713196
1453095980718,-0.20465088,0.27449036,-0.34342957
1453095980739,-0.16952515,0.33493042,-0.31111145
1453095980758,-0.1482544,0.31428528,-0.23565674
1453095980781,-0.12388611,0.25012207,-0.14613342
1453095980800,-0.10533142,0.27348328,-0.10935974
1453095980821,-0.076690674,0.3427124,-0.13465881
1453095980841,-0.044448853,0.40257263,-0.17889404
1453095980859,-0.072250366,0.45162964,-0.20884705
1453095980879,-0.15574646,0.49345398,-0.24839783
1453095980897,-0.22875977,0.5298462,-0.2826233
1453095980920,-0.24838257,0.5007477,-0.2827301
1453095980942,-0.22183228,0.45474243,-0.26359558
1453095980959,-0.16818237,0.47988892,-0.25952148
1453095980982,-0.17201233,0.5442352,-0.24636841
1453095981000,-0.23365784,0.500885,-0.23268127
1453095981019,-0.28730774,0.3191986,-0.22842407
1453095981044,-0.28959656,0.1984253,-0.19606018
1453095981059,-0.2386322,0.28952026,-0.18322754
1453095981083,-0.22294617,0.40977478,-0.20376587
1453095981100,-0.29570007,0.39085388,-0.21437073
1453095981123,-0.40371704,0.32017517,-0.18174744
1453095981140,-0.4769287,0.3025055,-0.12988281
1453095981159,-0.49786377,0.32391357,-0.07821655
1453095981176,-0.49694824,0.36418152,0.011566162
1453095981197,-0.5342407,0.37823486,0.13027954
1453095981221,-0.5503235,0.28622437,0.2545929
1453095981242,-0.46847534,0.14878845,0.35958862
1453095981259,-0.43319702,0.2096405,0.4638214
1453095981277,-0.47930908,0.37989807,0.5211792
1453095981297,-0.47286987,0.31762695,0.4557953
1453095981319,-0.49224854,0.0639801,0.43803406
1453095981336,-0.5637512,-0.028839111,0.62005615
1453095981359,-0.45417786,-3.0517578E-4,0.84562683
1453095981376,0.044692993,-0.20050049,0.82832336
1453095981397,0.7320099,-0.44143677,0.5527344
1453095981416,1.1150513,-0.4342804,0.18611145
1453095981438,1.0569153,-0.39630127,-0.17533875
1453095981458,0.7784271,-0.4175415,-0.52285767
1453095981480,0.3892975,-0.36964417,-0.7992554
1453095981496,0.1381073,-0.41018677,-0.9076233
1453095981521,0.29026794,-0.70132446,-0.75180054
1453095981540,0.7448273,-1.056015,-0.44644165
1453095981560,1.2298431,-1.2914581,-0.21818542
1453095981579,1.5806274,-1.2980347,-0.09750366
1453095981598,1.8494415,-1.112854,0.0016784668
1453095981621,2.1076202,-1.000061,0.12910461
1453095981639,2.2472992,-1.009491,0.16680908
1453095981663,2.2815247,-1.0158844,0.013244629
1453095981682,2.1156158,-0.8329773,-0.14027405
1453095981698,1.4832458,-0.2239685,-0.5964813
1453095981723,1.2884827,-0.09825134,-0.6816864
1453095981744,0.86053467,-0.21992493,-0.76994324
1453095981757,0.85357666,-0.30007935,-0.7970276
1453095981776,0.95147705,0.049346924,-0.8506012
1453095981799,0.96502686,0.26574707,-0.81411743
1453095981818,0.98739624,0.32461548,-0.67993164
1453095981840,1.118866,0.019210815,-0.55934143
1453095981860,1.2257843,-0.15518188,-0.48246765
1453095981884,1.180069,0.015396118,-0.43023682
1453095981897,1.039444,0.2638092,-0.41322327
1453095981920,0.9154053,0.37394714,-0.42289734
1453095981942,0.7584839,0.36254883,-0.41815186
1453095981958,0.68711853,0.369339,-0.350708
1453095981980,0.6879883,0.47805786,-0.3015747
1453095982005,0.63131714,0.5585327,-0.31080627
1453095982016,0.5374603,0.57266235,-0.18692017
1453095982039,0.4925537,0.53245544,0.057739258
1453095982063,0.5103607,0.390213,0.22703552
1453095982079,0.60513306,0.27349854,0.32453918
1453095982099,0.7401886,0.36323547,0.4217682
1453095982119,0.8915405,0.4788208,0.4949646
1453095982141,1.0496368,0.37246704,0.51690674
1453095982162,1.0301819,0.17744446,0.538147
1453095982177,0.77915955,0.13581848,0.6299286
1453095982198,0.6163025,0.085235596,0.76145935
1453095982223,0.52471924,-0.40385437,0.94166565
1453095982241,0.6732025,-1.1511841,1.0954437
1453095982261,1.1175079,-1.4984283,0.93873596
1453095982283,1.3551636,-1.3200073,0.55181885
1453095982301,1.1887207,-1.1024475,0.15161133
1453095982320,0.8225708,-1.091507,-0.20928955
1453095982340,0.47001648,-1.1253204,-0.5692749
1453095982358,0.19267273,-1.0756836,-0.93367004
1453095982377,-0.15393066,-1.0840759,-1.1992645
1453095982398,-0.5635376,-1.300827,-1.1709442
1453095982417,-0.8578491,-1.654419,-0.87635803
1453095982440,-0.89746094,-2.0231323,-0.56391907
1453095982459,-0.56655884,-2.3734436,-0.18885803
1453095982481,0.056869507,-2.5814667,0.23124695
1453095982501,0.5971527,-2.4331512,0.412323
1453095982520,0.7921753,-1.9908142,0.35429382
1453095982539,0.65078735,-1.4976959,0.14848328
1453095982559,0.22294617,-1.1722107,-0.13352966
1453095982578,-0.26541138,-1.1001282,-0.42912292
1453095982601,-0.55104065,-1.0849762,-0.6625366
1453095982622,-0.63793945,-0.93870544,-0.7057495
1453095982642,-0.6080322,-0.7230377,-0.6014557
1453095982660,-0.47132874,-0.6596527,-0.45402527
1453095982684,-0.2511139,-0.8035126,-0.29684448
1453095982700,-0.060943604,-0.93917847,-0.18739319
1453095982725,0.058242798,-0.95843506,-0.13114929
1453095982740,0.1602478,-0.8916321,-0.08457947
1453095982762,0.22407532,-0.7747345,-0.13356018
1453095982782,0.21469116,-0.6324463,-0.35075378
1453095982802,0.11431885,-0.48994446,-0.5918579
1453095982822,-0.109680176,-0.33151245,-0.7224426
1453095982839,-0.27444458,-0.2685547,-0.7429352
1453095982859,-0.5859833,-0.28129578,-0.7200165
1453095982885,-0.69506836,-0.2999878,-0.6980896
1453095982900,-0.9338379,-0.24267578,-0.5133209
1453095982922,-0.98646545,-0.25810242,-0.42382813
1453095982944,-0.9180298,-0.33444214,-0.14778137
1453095982965,-0.95835876,-0.32513428,-0.068115234
1453095982984,-0.9643402,-0.2973175,0.060394287
1453095982999,-0.9285431,-0.2826538,0.117248535
1453095983018,-0.9842377,-0.22886658,0.15019226
1453095983044,-1.1339569,-0.1847229,0.25564575
1453095983059,-1.1252136,-0.18859863,0.36671448
1453095983085,-0.99398804,-0.15396118,0.3915863
1453095983102,-0.9528351,-0.07852173,0.39723206
1453095983119,-0.942749,-0.10769653,0.45161438
1453095983141,-0.90579224,-0.18714905,0.5000458
1453095983160,-0.9063568,-0.25312805,0.67581177
1453095983178,-0.6712189,-0.35185242,0.96655273
1453095983203,-0.04864502,-0.53440857,1.1138763
1453095983220,0.552124,-0.71606445,1.0127563
1453095983242,0.6951599,-0.8524933,0.69218445
1453095983261,0.41630554,-1.055954,0.27731323
1453095983285,0.16255188,-1.3107758,-0.23146057
1453095983299,0.1295166,-1.4420624,-0.731369
1453095983321,0.14060974,-1.4105835,-0.9598541
1453095983340,0.20199585,-1.4422455,-0.8715515
1453095983360,0.49324036,-1.7639618,-0.7232666
1453095983378,0.9643097,-2.1424408,-0.6283722
1453095983399,1.3629913,-2.1810913,-0.43623352
1453095983420,1.549057,-2.0681152,-0.06312561
1453095983440,1.7293091,-2.281952,0.32640076
1453095983460,1.9984131,-2.553482,0.47668457
1453095983485,2.1117096,-2.3168335,0.32803345
1453095983499,1.9122162,-1.6757965,-0.013214111
1453095983526,1.438736,-1.2229767,-0.31967163
1453095983540,0.8134613,-1.185257,-0.4857483
1453095983561,0.22636414,-1.2600098,-0.5748596
1453095983585,-0.10258484,-1.2309265,-0.58232117
1453095983601,-0.08879089,-1.2193298,-0.49287415
1453095983618,0.15570068,-1.3408661,-0.33561707
1453095983639,0.44355774,-1.4470367,-0.17422485
1453095983664,0.62590027,-1.4415894,-0.047225952
1453095983684,0.70726013,-1.4303894,0.046463013
1453095983700,0.7249298,-1.4867096,0.06387329
1453095983726,0.7203827,-1.5663452,0.07118225
1453095983742,0.6876526,-1.6112671,0.11732483
1453095983760,0.6881256,-1.6456909,0.10733032
1453095983780,0.7541504,-1.6482391,0.029556274
1453095983800,0.78115845,-1.5069885,-0.08280945
1453095983822,0.71720886,-1.3526764,-0.20925903
1453095983843,0.64268494,-1.3884583,-0.23875427
1453095983858,0.63845825,-1.5311127,-0.19537354
1453095983881,0.6604614,-1.5644989,-0.19613647
1453095983901,0.5887604,-1.4684906,-0.23170471
1453095983926,0.4683075,-1.4414978,-0.2607422
1453095983941,0.4499054,-1.6252441,-0.27389526
1453095983962,0.49679565,-1.8493652,-0.27365112
1453095983980,0.44779968,-1.9136353,-0.28604126
1453095984003,0.28414917,-1.9376373,-0.3087616
1453095984020,0.17475891,-2.197403,-0.21859741
1453095984045,0.1662445,-2.4648438,-0.108673096
1453095984061,0.19406128,-2.918869,0.20570374
1453095984083,-0.020523071,-2.7625732,0.2986908
1453095984103,-0.34301758,-2.697052,0.50567627
1453095984127,-0.2197876,-2.8769531,0.45910645
1453095984145,0.2238617,-2.9790955,-0.06072998
1453095984160,0.06665039,-2.5943146,-0.28652954
1453095984185,-0.69163513,-1.8001099,-0.62028503
1453095984202,-1.4503021,-1.5455475,-0.7391815
1453095984219,-1.7475739,-1.7477112,-0.76960754
1453095984240,-1.8276672,-1.7076416,-0.753067
1453095984261,-2.027588,-1.3787079,-0.52993774
1453095984286,-2.1517944,-1.3606873,-0.15219116
1453095984300,-1.934967,-1.6485596,0.1714325
1453095984323,-1.5754547,-1.659668,0.3488922
1453095984343,-1.3378296,-1.3325195,0.3767395
1453095984361,-1.1992798,-1.0564117,0.27996826
1453095984381,-1.0681152,-0.94688416,0.15943909
1453095984401,-1.0306244,-0.8437042,0.035232544
1453095984419,-1.1150055,-0.71769714,-0.0499115
1453095984441,-1.1400757,-0.65527344,-0.082336426
1453095984460,-1.0227051,-0.6210327,-0.06614685
1453095984485,-0.8193207,-0.51345825,-0.0398407
1453095984500,-0.66560364,-0.34750366,-0.07791138
1453095984520,-0.58351135,-0.19116211,-0.15440369
1453095984540,-0.5678253,-0.08607483,-0.24545288
1453095984564,-0.7247467,0.02331543,-0.35105896
1453095984584,-1.0649567,0.08255005,-0.4071045
1453095984604,-1.2747345,0.042617798,-0.4141693
1453095984624,-1.236084,-0.016998291,-0.4118805
1453095984643,-1.2427673,0.015594482,-0.35617065
1453095984664,-1.3036346,0.08149719,-0.26445007
1453095984682,-1.3249359,0.028396606,-0.2447815
1453095984702,-1.2797699,-0.056533813,-0.27264404
1453095984724,-1.2593842,-0.06692505,-0.2813568
1453095984742,-1.2615814,-0.02746582,-0.28022766
1453095984763,-1.261673,0.045822144,-0.30760193
1453095984779,-1.2879028,0.12892151,-0.36325073
1453095984801,-1.3377075,0.14828491,-0.3899994
1453095984819,-1.3439636,0.09764099,-0.397583
1453095984843,-1.2948914,0.032699585,-0.38104248
1453095984866,-1.295227,0.012680054,-0.3976593
1453095984885,-1.2854767,-0.0446167,-0.31314087
1453095984901,-1.1051941,-0.17779541,-0.031982422
1453095984927,-0.9510498,-0.25927734,0.15011597
1453095984942,-0.90914917,-0.21916199,0.08340454
1453095984966,-0.9289551,-0.086242676,-0.15570068
1453095984982,-1.046875,0.037338257,-0.30899048
1453095985003,-1.1065216,0.0605011,-0.09761047
1453095985022,-0.4962616,-0.084121704,0.26638794
1453095985046,0.6039276,-0.38275146,0.32296753
1453095985064,1.2868805,-0.5591278,0.12580872
1453095985082,1.160492,-0.5075531,0.16862488
1453095985100,0.8180237,-0.51742554,0.5035248
1453095985125,0.84980774,-0.7044983,0.5701904
1453095985142,0.9883728,-0.773468,0.3738861
1453095985164,0.8234253,-0.5700531,0.37435913
1453095985180,0.5740509,-0.48477173,0.5042267
1453095985202,0.5513458,-0.56300354,0.5038605
1453095985220,0.6113739,-0.45509338,0.18765259
1453095985246,0.68203735,-0.2350769,0.06340027
1453095985260,0.8218384,0.26733398,-0.22349548
1453095985287,0.8236084,0.28756714,-0.29988098
1453095985301,0.6753845,0.17901611,-0.52960205
1453095985322,0.6868744,0.19232178,-0.6155243
1453095985345,0.69169617,0.39530945,-0.79714966
1453095985362,0.64738464,0.4801178,-0.79200745
1453095985380,0.53422546,0.44950867,-0.7785034
1453095985401,0.51638794,0.2437439,-0.7789917
1453095985421,0.5147095,0.1468811,-0.7646942
1453095985442,0.43699646,0.23072815,-0.70236206
1453095985463,0.37750244,0.231781,-0.62579346
1453095985482,0.37937927,0.19604492,-0.6208496
1453095985505,0.26194763,0.3953247,-0.66807556
1453095985524,0.03605652,0.6912079,-0.6720886
1453095985546,-0.06517029,0.7236328,-0.6333618
1453095985565,-0.043411255,0.6412964,-0.57543945
1453095985582,-0.049240112,0.7762451,-0.4982605
1453095985605,-0.049209595,1.0186462,-0.46943665
1453095985623,-0.046707153,1.1570435,-0.4729309
1453095985644,-0.096969604,1.0106964,-0.38127136
1453095985662,-0.12571716,0.6931915,-0.18022156
1453095985686,-0.05456543,0.4216156,0.09257507
1453095985704,0.114151,0.36013794,0.33287048
1453095985724,0.027511597,0.41633606,0.59295654
1453095985744,-0.32821655,0.21943665,1.1205292
1453095985768,-0.47698975,-0.56073,2.034439
1453095985780,-0.0234375,-1.6668854,2.8141327
1453095985804,0.94885254,-2.0876465,2.7918396
1453095985826,1.8339539,-1.5829773,2.0544891
1453095985843,2.1193848,-1.0069275,0.9156189
1453095985861,1.6587982,-0.8737335,-0.37358093
1453095985888,0.6660156,-0.98272705,-1.3888702
1453095985906,-0.32203674,-1.1920929,-1.8294983
1453095985927,-0.82580566,-1.480545,-1.7065125
1453095985943,-0.77420044,-1.7362518,-1.2615204
1453095985968,-0.42391968,-1.8665161,-0.78538513
1453095985981,0.1373291,-1.9538574,-0.30706787
1453095986002,0.81326294,-1.9524231,0.03289795
1453095986025,1.1074524,-1.585434,0.038406372
1453095986045,0.7554474,-0.8796997,-0.07998657
1453095986061,0.18276978,-0.35694885,-0.23220825
1453095986082,-0.21229553,-0.41600037,-0.4284973
1453095986101,-0.39060974,-0.6503906,-0.5625
1453095986122,-0.43521118,-0.4453888,-0.60017395
1453095986141,-0.43373108,9.0026855E-4,-0.56092834
1453095986162,-0.33470154,0.080093384,-0.4597931
1453095986181,-0.17427063,-0.18400574,-0.3253479
1453095986202,-0.07400513,-0.34057617,-0.22460938
1453095986221,-0.018554688,-0.26704407,-0.22976685
1453095986242,0.01777649,-0.1103363,-0.3119812
1453095986261,0.004699707,-0.017532349,-0.38468933
1453095986288,-0.048919678,0.0033569336,-0.47180176
1453095986304,-0.11354065,0.021362305,-0.60191345
1453095986328,-0.24427795,0.0927124,-0.6598511
1453095986344,-0.45809937,0.095336914,-0.5687103
1453095986364,-0.61912537,-0.0365448,-0.41960144
1453095986382,-0.6363678,-0.09246826,-0.2799225
1453095986404,-0.60214233,-0.07345581,-0.21180725
1453095986422,-0.35829163,-0.05619812,0.09146118
1453095986444,-0.2394104,-0.1769104,0.22784424
1453095986463,-0.2862091,-0.36676025,0.532959
1453095986482,-0.43382263,-0.35331726,0.6542053
1453095986504,-0.472229,-0.21517944,1.1054077
1453095986522,-0.4599762,-0.2642212,1.3569336
1453095986546,0.12193298,-0.7054596,1.791153
1453095986562,1.2693787,-1.046463,1.5809631
1453095986581,2.0189362,-0.8881531,0.80426025
1453095986602,1.8482819,-0.58291626,-0.109802246
1453095986621,1.0786285,-0.56414795,-0.8156433
1453095986648,0.26701355,-0.6914673,-1.1800079
1453095986668,-0.078125,-0.78608704,-1.2660065
1453095986683,0.20565796,-0.84210205,-1.1177063
1453095986706,0.81388855,-0.6729431,-0.9174652
1453095986723,1.2788391,-0.36993408,-0.78453064
1453095986742,1.4141388,-0.17562866,-0.76130676
1453095986768,1.1633148,-0.029937744,-0.8520813
1453095986783,0.6311493,0.07928467,-0.9470825
1453095986806,0.15759277,0.10777283,-0.9892578
1453095986823,-0.016220093,0.2542572,-0.98817444
1453095986845,0.10887146,0.5602417,-0.9005585
1453095986863,0.45793152,0.786499,-0.7264557
1453095986889,0.832016,0.83143616,-0.55700684
1453095986904,1.0637207,0.81385803,-0.43023682
1453095986926,1.1412964,0.8518982,-0.32191467
1453095986946,1.0395966,0.97146606,-0.28552246
1453095986965,0.7475586,0.9622803,-0.28149414
1453095986986,0.5418854,0.77970886,-0.2326355
1453095987004,0.52778625,0.67066956,-0.14019775
1453095987026,0.63534546,0.6979523,-0.013259888
1453095987047,0.7628784,0.6569977,0.18603516
1453095987064,0.8595123,0.48968506,0.44792175
1453095987090,0.89590454,0.17616272,0.6563263
1453095987104,0.6997833,-0.12619019,0.93748474
1453095987123,0.5444946,-0.41281128,1.5520172
1453095987148,0.7815552,-1.039093,2.2708282
1453095987168,1.253891,-1.8377075,2.6271362
1453095987188,1.6851501,-2.0484314,2.3833923
1453095987203,1.768219,-1.7509155,1.5718994
1453095987222,1.3448639,-1.7887115,0.35751343
1453095987243,0.5533447,-2.1865387,-0.9343109
1453095987262,-0.40844727,-2.264328,-1.9688873
1453095987290,-1.3197479,-1.9002075,-2.498291
1453095987304,-1.8564758,-1.680069,-2.4500122
1453095987326,-1.7847595,-1.8370819,-1.9317932
1453095987348,-1.2307281,-2.0167847,-1.2489929
1453095987364,-0.6521454,-1.9133759,-0.6646576
1453095987382,-0.21961975,-1.694107,-0.15621948
1453095987404,0.22494507,-1.6278839,0.18933105
1453095987423,0.48272705,-1.4063568,0.2733307
1453095987445,0.23085022,-0.67274475,0.17173767
1453095987463,-0.27337646,-0.05140686,-0.0513916
1453095987485,-0.5278015,-0.040100098,-0.3251953
1453095987507,-0.5297394,-0.22407532,-0.4394226
1453095987525,-0.54956055,-0.04612732,-0.3264923
1453095987548,-0.56469727,0.16545105,-0.13813782
1453095987565,-0.49557495,0.03187561,-0.059265137
1453095987589,-0.22372437,-0.4474945,0.1446991
1453095987605,-0.23878479,-0.40156555,0.19706726
1453095987627,-0.33555603,0.051864624,0.13905334
1453095987647,-0.32217407,0.06594849,0.060562134
1453095987668,-0.23524475,-0.05809021,-0.20465088
1453095987684,-0.28450012,-0.08258057,-0.28701782
1453095987705,-0.5372467,0.11231995,-0.44554138
1453095987730,-0.6244049,0.13157654,-0.47013855
1453095987747,-0.7970276,0.07977295,-0.50393677
1453095987765,-0.8358002,0.010025024,-0.4958496
1453095987783,-0.8836365,-0.03364563,-0.41093445
1453095987804,-0.8374939,-0.11820984,-0.25878906
1453095987823,-0.7024689,-0.23643494,-0.038375854
1453095987844,-0.55682373,-0.2416687,0.19692993
1453095987863,-0.4119873,-0.20529175,0.27349854
1453095987889,-0.38934326,-0.17108154,0.23052979
1453095987906,-0.7629242,-0.2132721,0.381073
1453095987930,-1.2054901,-0.43597412,0.82559204
1453095987949,-0.9959259,-0.65164185,1.2896423
1453095987967,-0.24984741,-0.7346344,1.5621185
1453095987983,0.5962372,-0.8131256,1.5539551
1453095988005,1.3157349,-0.907135,1.1685333
1453095988028,1.4895325,-0.8084564,0.4225769
1453095988052,1.0230255,-0.5565491,-0.5439453
1453095988063,0.33380127,-0.4033661,-1.4566498
1453095988084,-0.28427124,-0.47644043,-1.9264374
1453095988106,-0.62020874,-0.80070496,-1.8050232
1453095988127,-0.4675598,-1.1845245,-1.3365784
1453095988151,0.174057,-1.3618774,-0.71502686
1453095988167,1.1684723,-1.3933716,-0.21243286
1453095988183,1.9986115,-1.1975555,-0.13446045
1453095988207,1.9933014,-0.66207886,-0.34344482
1453095988228,1.1618958,-0.23019409,-0.59394836
1453095988247,0.18247986,-0.36296082,-0.73402405
1453095988269,-0.34936523,-0.692276,-0.77345276
1453095988286,-0.36445618,-0.56300354,-0.76397705
1453095988305,-0.09031677,-0.033325195,-0.65812683
1453095988330,0.29969788,0.26953125,-0.44258118
1453095988346,0.6326294,0.13973999,-0.16030884
1453095988370,0.78822327,0.010818481,0.068984985
1453095988384,0.82299805,0.13418579,0.053527832
1453095988404,0.7628021,0.30885315,-0.1199646
1453095988423,0.5863495,0.38589478,-0.21195984
1453095988444,0.4357605,0.46051025,-0.25675964
1453095988466,0.3855896,0.5271759,-0.23913574
1453095988485,0.42492676,0.52212524,-0.07298279
1453095988508,0.47106934,0.48165894,0.07888794
1453095988525,0.4839325,0.5154877,0.12593079
1453095988548,0.43414307,0.49168396,0.15393066
1453095988566,0.40470886,0.30038452,0.23017883
1453095988588,0.4558258,0.1611023,0.2975769
1453095988606,0.54074097,0.15937805,0.26985168
1453095988625,0.33486938,0.058654785,0.2559662
1453095988645,-0.042510986,-0.23313904,0.5769348
1453095988665,-0.13172913,-0.6587677,1.1464691
1453095988686,0.17262268,-1.2415466,1.6780701
1453095988707,0.8709259,-1.6082458,1.8798065
1453095988725,1.5041351,-1.3333435,1.5928802
1453095988744,1.5098877,-0.89375305,1.0051117
1453095988770,1.3512421,-0.8035126,0.6538391
1453095988788,0.2247467,-0.9204254,-0.5152283
1453095988808,-0.23422241,-0.9665375,-0.8422699
1453095988824,-1.440155,-1.0952911,-1.4951477
1453095988850,-1.5908813,-1.2688904,-1.579834
1453095988865,-1.4542542,-1.8282623,-1.3635101
1453095988891,-1.2595978,-1.9305725,-1.190979
1453095988907,-0.84654236,-2.0225372,-0.7041931
1453095988929,-0.4468689,-2.295105,-0.028869629
1453095988945,0.0819397,-2.5541382,0.348526
1453095988971,0.41636658,-2.1635742,0.1474762
1453095988988,0.22766113,-1.3066864,-0.27252197
1453095989005,0.034454346,-0.8438263,-0.7237091
1453095989024,0.18110657,-0.8130951,-1.1140594
1453095989045,0.35028076,-0.7154541,-1.3114166
1453095989067,0.48643494,-0.43423462,-1.3726959
1453095989090,0.7286682,-0.2030487,-1.3684235
1453095989105,0.95188904,-0.052368164,-1.2372894
1453095989128,1.0307007,0.09516907,-1.0111389
1453095989151,0.92822266,0.23587036,-0.8579407
1453095989170,0.61125183,0.38430786,-0.77282715
1453095989186,0.24099731,0.5953064,-0.70176697
1453095989208,0.007659912,0.79260254,-0.6351013
1453095989227,-0.0740509,0.8595581,-0.43885803
1453095989247,-0.107162476,0.7332916,-0.03488159
1453095989268,-0.10346985,0.44563293,0.30059814
1453095989289,-0.19044495,0.2725525,0.37858582
1453095989304,-0.80625916,0.17063904,0.7967377
1453095989325,-1.3297272,-0.39149475,2.169693
1453095989353,-0.827713,-1.3357697,3.5158386
1453095989367,0.13386536,-1.6948242,3.548996
1453095989386,0.78201294,-1.2288818,2.5653687
1453095989405,1.28862,-0.8280029,1.1977081
1453095989426,1.2785034,-0.72476196,-0.40319824
1453095989448,0.25289917,-0.7189331,-1.7139282
1453095989464,-1.0580444,-0.8739319,-2.2172546
1453095989490,-1.7914581,-1.1312866,-2.028946
1453095989508,-1.6769257,-1.3347473,-1.6502075
1453095989527,-0.9105072,-1.2642517,-1.3618469
1453095989547,0.01687622,-1.0844879,-0.88941956
1453095989569,0.95817566,-1.2300873,-0.35188293
1453095989585,1.6209106,-1.4631195,-0.13835144
1453095989606,1.4461212,-1.1894226,-0.20756531
1453095989625,0.64360046,-0.6286926,-0.42707825
1453095989652,0.06315613,-0.43328857,-0.73472595
1453095989670,-0.10394287,-0.49969482,-0.9790497
1453095989689,-0.1411438,-0.27552795,-1.1086273
1453095989705,-0.14555359,0.22454834,-1.0662384
1453095989730,-8.69751E-4,0.3731842,-0.78382874
1453095989749,0.32228088,-0.046783447,-0.4912262
1453095989767,0.6078491,-0.50276184,-0.25595093
1453095989790,0.7467499,-0.6164093,0.00831604
1453095989807,0.8821869,-0.67681885,0.3547821
1453095989826,1.074234,-0.84791565,0.616333
1453095989853,1.1192322,-0.7877655,0.5477295
1453095989868,0.77571106,-0.55033875,0.49661255
1453095989890,0.5714569,-0.45373535,0.53800964
1453095989907,0.3789978,-0.55789185,0.5519867
1453095989932,-0.14830017,-0.96191406,0.7896576
1453095989948,-0.45750427,-1.5861053,1.3141937
1453095989970,-0.38227844,-1.8729401,1.5907288
1453095989988,0.5018921,-2.0019684,1.6855011
1453095990006,0.8497772,-1.7447815,1.3748474
1453095990025,1.059967,-0.90631104,-0.040740967
1453095990052,0.7933197,-0.7614441,-0.48918152
1453095990072,-0.5748596,-0.76472473,-1.3454132
1453095990086,-0.9737396,-0.8822937,-1.4502411
1453095990106,-1.3189545,-1.0993652,-1.4883881
1453095990131,-1.100296,-1.2411652,-1.3690491
1453095990149,-0.7597351,-1.1025848,-1.2129059
1453095990172,-0.57225037,-0.89256287,-1.0278625
1453095990185,-0.36724854,-0.84080505,-0.7853546
1453095990206,-0.1255188,-0.8236389,-0.5382538
1453095990225,-0.02911377,-0.6535187,-0.44424438
1453095990246,-0.05305481,-0.4163208,-0.560379
1453095990269,-0.123046875,-0.25413513,-0.71440125
1453095990292,-0.23458862,-0.14242554,-0.7531128
1453095990308,-0.29866028,0.018737793,-0.7440491
1453095990328,-0.2674408,0.17549133,-0.63427734
1453095990347,-0.14337158,0.21299744,-0.42347717
1453095990371,0.06614685,0.18818665,-0.29864502
1453095990387,0.28855896,0.2185669,-0.24572754
1453095990406,0.42070007,0.32795715,-0.17829895
1453095990427,0.46655273,0.34262085,-0.08653259
1453095990448,0.526947,0.25205994,0.0054473877
1453095990468,0.57922363,0.21789551,0.0929718
1453095990490,0.5523529,0.26339722,0.21948242
1453095990507,0.46806335,0.22103882,0.380188
1453095990533,0.45243835,0.08242798,0.4786682
1453095990550,0.50894165,-0.0069885254,0.5343323
1453095990571,0.40646362,-0.0413208,0.5483551
1453095990590,-0.039245605,-0.24281311,0.71876526
1453095990609,-0.32470703,-0.71762085,1.2126617
1453095990626,0.0337677,-1.3594513,1.8353882
1453095990653,0.9212799,-1.8219452,2.0489502
1453095990672,1.7827606,-1.7805481,1.6665344
1453095990687,2.0083618,-1.7246857,0.9749298
1453095990707,1.4786835,-1.9562378,-0.017074585
1453095990727,0.37739563,-2.0612488,-1.0622711
1453095990751,-0.710022,-1.8528442,-1.6539154
1453095990767,-1.0504913,-1.5703888,-1.8087158
1453095990786,-0.6368561,-1.3560333,-1.7068176
1453095990807,-0.030471802,-1.2100372,-1.3295441
1453095990826,0.5231018,-1.1640015,-0.7010956
1453095990852,1.0901184,-1.2350922,-0.20458984
1453095990869,1.3900146,-1.0815125,-0.12237549
1453095990891,1.1236572,-0.5576172,-0.33161926
1453095990909,0.6138916,-0.0974884,-0.61457825
1453095990931,0.27485657,0.020553589,-0.86631775
1453095990953,0.16964722,0.066833496,-1.0498962
1453095990971,0.17730713,0.32724,-1.1564484
1453095990989,0.24229431,0.6525879,-1.1622467
1453095991012,0.41329956,0.77671814,-0.9662628
1453095991028,0.649353,0.6334076,-0.6786194
1453095991051,0.74754333,0.41166687,-0.45285034
1453095991068,0.6799164,0.34501648,-0.2842102
1453095991091,0.6177368,0.31906128,-0.1486206
1453095991107,0.5893097,0.26672363,-0.031784058
1453095991127,0.57025146,0.21986389,0.056747437
1453095991153,0.45126343,0.07293701,0.4099884
1453095991170,0.52497864,-0.014862061,0.5011139
1453095991187,0.27774048,0.14439392,0.5710144
1453095991210,0.031021118,0.16007996,0.68122864
1453095991229,-0.5004883,-0.47303772,1.454071
1453095991251,-0.5221863,-0.8330078,1.8571625
1453095991267,0.6630249,-1.7149353,2.6170654
1453095991294,1.1883545,-1.7028961,2.4049835
1453095991309,1.6110077,-1.3564453,1.518692
1453095991334,1.2637634,-1.11586,0.4809723
1453095991356,0.71328735,-1.366745,-0.5178375
1453095991367,0.085357666,-1.5788574,-1.4023743
1453095991386,-0.6257324,-1.3598633,-2.1116028
1453095991408,-1.2928467,-1.1200409,-2.4547272
1453095991427,-1.610672,-1.4456177,-2.1661682
1453095991447,-1.5034027,-2.1136475,-1.4022217
1453095991467,-1.1678162,-2.4565277,-0.51727295
1453095991494,-0.5610962,-2.3810272,0.2918396
1453095991508,0.20918274,-2.0166016,0.67871094
1453095991529,0.55218506,-1.5321045,0.629364
1453095991547,0.29917908,-1.2084503,0.43693542
1453095991568,-0.16366577,-0.95932007,0.1396637
1453095991592,-0.5973816,-0.63604736,-0.23872375
1453095991611,-0.92581177,-0.33970642,-0.56425476
1453095991629,-1.0456696,-0.2010498,-0.7362976
1453095991648,-0.97846985,-0.26242065,-0.7119446
1453095991669,-0.8492737,-0.38964844,-0.51052856
1453095991690,-0.6651764,-0.39920044,-0.28582764
1453095991708,-0.46061707,-0.31269836,-0.18093872
1453095991734,-0.17764282,-0.27824402,-0.18605042
1453095991750,0.15290833,-0.36767578,-0.25810242
1453095991769,0.3446808,-0.43556213,-0.33970642
1453095991790,0.22541809,-0.36012268,-0.44995117
1453095991811,-0.018203735,-0.24827576,-0.60801697
1453095991828,-0.17054749,-0.13749695,-0.76123047
1453095991850,-0.3546753,0.016738892,-0.83769226
1453095991867,-0.5563965,0.14231873,-0.7894287
1453095991894,-0.6214752,0.18190002,-0.6116333
1453095991908,-0.5876007,0.16297913,-0.3474579
1453095991934,-0.63090515,0.19319153,-0.020828247
1453095991949,-0.78364563,0.24435425,0.33480835
1453095991970,-0.8664093,0.15388489,0.5899658
1453095991989,-0.94421387,0.002243042,0.6778259
1453095992013,-1.2137451,-0.06756592,0.86268616
1453095992027,-1.1154175,-0.13639832,1.2011108
1453095992048,-0.24876404,-0.47964478,1.5244141
1453095992067,0.88523865,-0.9330292,1.5962219
1453095992089,1.5498047,-1.0046997,1.221344
1453095992110,1.4440155,-0.85865784,0.6692352
1453095992128,0.9502716,-0.9675293,0.0920105
1453095992149,0.5299072,-1.1881866,-0.5716553
1453095992173,0.2506714,-1.2690582,-1.100174
1453095992192,0.14375305,-1.3273621,-1.254364
1453095992209,0.25613403,-1.3601074,-1.1152344
1453095992227,0.5446167,-1.3218842,-0.8512573
1453095992250,1.0388641,-1.3283691,-0.54473877
1453095992270,1.6719513,-1.4378815,-0.18151855
1453095992290,2.033249,-1.3445435,0.0526886
1453095992309,1.7839508,-1.0147247,0.014724731
1453095992329,1.528183,-0.90312195,-0.0622406
1453095992355,0.760849,-0.9694519,-0.33576965
1453095992378,0.6389923,-0.93263245,-0.4073639
1453095992387,0.42720032,-0.32211304,-0.5888519
1453095992409,0.443985,-0.14038086,-0.6174011
1453095992428,0.50250244,-0.15527344,-0.4303894
1453095992450,0.5128937,-0.15766907,-0.30978394
1453095992469,0.4012909,0.02998352,-0.18878174
1453095992490,0.38284302,0.10850525,-0.2308197
1453095992513,0.3659668,0.08857727,-0.34158325
1453095992531,0.4092865,-0.046157837,-0.41392517
1453095992552,0.50445557,0.038223267,-0.490036
1453095992571,0.5383148,0.40548706,-0.62776184
1453095992589,0.51460266,0.681015,-0.7938385
1453095992612,0.5009308,0.5469208,-0.8460846
1453095992628,0.51545715,0.26657104,-0.821228
1453095992649,0.48046875,0.45237732,-0.84210205
1453095992668,0.3261261,0.9714813,-0.9052582
1453095992692,0.19081116,1.0465851,-0.88417053
1453095992711,0.20835876,0.603302,-0.7594147
1453095992730,0.25759888,0.3530426,-0.5766144
1453095992749,0.27975464,0.57011414,-0.37734985
1453095992770,0.3633423,0.7761078,-0.106170654
1453095992788,0.5642853,0.553421,0.21536255
1453095992811,0.8543701,0.06704712,0.45561218
1453095992831,1.0605469,-0.039001465,0.58358765
1453095992850,0.9138489,0.24043274,0.6489258
1453095992868,0.6442566,0.08717346,0.81230164
1453095992892,0.7485962,-0.65971375,1.241745
1453095992910,1.1061554,-1.5069885,1.7851257
1453095992934,1.4952698,-2.0702057,2.0913239
1453095992950,1.9951324,-2.0916138,1.9093628
1453095992972,2.2882843,-1.8578339,1.3264008
1453095992990,2.034317,-1.836792,0.47691345
1453095993011,1.3394623,-1.8300476,-0.4802246
1453095993030,0.45707703,-1.524704,-1.2433014
1453095993054,-0.31747437,-1.2016449,-1.6988068
1453095993069,-0.76524353,-1.2420349,-1.8395996
1453095993096,-0.89482117,-1.5298309,-1.5775452
1453095993111,-0.8045349,-1.7794495,-1.1221771
1453095993130,-0.5252838,-1.9680939,-0.6842346
1453095993148,-0.07606506,-2.1231995,-0.31121826
1453095993171,0.28511047,-2.0415344,-0.09347534
1453095993195,0.23538208,-1.603302,-0.026657104
1453095993212,-0.017654419,-1.2882233,-0.042648315
1453095993228,-0.18965149,-1.3047333,-0.16043091
1453095993250,-0.39897156,-1.2915497,-0.24888611
1453095993269,-0.5767517,-1.1073608,-0.26075745
1453095993295,-0.5066681,-0.9785309,-0.1867218
1453095993309,-0.33717346,-1.0067596,-0.040802002
1453095993336,-0.2899933,-1.0840607,0.14923096
1453095993350,-0.24267578,-1.0601807,0.28321838
1453095993371,-0.1876831,-0.90463257,0.3043518
1453095993389,-0.14471436,-0.8394165,0.20883179
1453095993411,-0.0023498535,-0.79281616,-0.05114746
1453095993430,0.167099,-0.5516205,-0.35035706
1453095993452,0.2743683,-0.4292755,-0.36782837
1453095993469,0.26905823,-0.6487274,-0.109451294
1453095993493,0.045669556,-0.9523163,-1.5258789E-4
1453095993510,-0.24990845,-1.1777039,-0.09140015
1453095993531,-0.36175537,-1.2336884,-0.1331482
1453095993549,-0.5139923,-1.0061798,-0.009613037
1453095993575,-0.54663086,-1.1143951,0.1103363
1453095993589,-0.32443237,-1.5881805,0.2498169
1453095993613,-0.33096313,-1.7185364,0.10850525
1453095993632,-0.5794678,-1.2571564,-0.048919678
1453095993656,-0.46748352,-1.0225372,0.11273193
1453095993675,0.3224945,-0.9965668,0.3224182
1453095993693,1.0561066,-1.574585,0.32185364
1453095993712,1.4820404,-1.8231659,0.41108704
1453095993735,1.7241516,-1.4693756,0.45484924
1453095993752,1.667511,-1.141098,0.043762207
1453095993777,1.3252411,-1.0725708,-0.6760864
1453095993792,0.79463196,-1.0989075,-1.169754
1453095993810,0.20288086,-1.1205597,-1.2985687
1453095993829,-0.19335938,-1.0870514,-1.2395325
1453095993855,-0.24531555,-1.0589294,-1.1663818
1453095993872,-0.08850098,-1.0764465,-1.0850067
1453095993896,0.06362915,-1.120163,-0.8553467
1453095993912,0.1612091,-1.247879,-0.49638367
1453095993936,0.23222351,-1.3999481,-0.22891235
1453095993952,0.27348328,-1.2519531,-0.22311401
1453095993976,0.2551422,-0.8578491,-0.37576294
1453095993992,0.23384094,-0.6958313,-0.4636078
1453095994015,0.3363037,-0.88768005,-0.33773804
1453095994032,0.539093,-1.114685,-0.0178833
1453095994056,0.7198944,-1.1196289,0.25978088
1453095994072,0.8635864,-0.8632355,0.15374756
1453095994096,1.0224304,-0.63179016,-0.15359497
1453095994112,1.1827087,-0.59861755,-0.22309875
1453095994137,1.3109894,-0.659317,-0.010116577
1453095994149,1.3838043,-0.6386261,0.30671692
1453095994175,1.2479553,-0.25656128,0.25248718
1453095994193,0.96932983,0.07281494,-0.20179749
1453095994215,0.79315186,-0.3329773,-0.6072235
1453095994231,0.7838898,-1.332428,-0.8648987
1453095994251,0.8387146,-1.8264923,-0.9495239
1453095994273,0.9095917,-0.88531494,-0.795578
1453095994297,0.9758606,0.47976685,-0.6388397
1453095994316,1.01091,0.44335938,-0.3777771
1453095994335,1.2630463,-0.7926483,0.07147217
1453095994350,1.5126038,-1.5041199,0.11198425
1453095994379,1.284317,-1.0990753,-0.2574768
1453095994394,0.89979553,-0.46044922,-0.48554993
1453095994414,0.7685852,-0.44326782,-0.51678467
1453095994430,0.7171936,-0.8235016,-0.55145264
1453095994451,0.62231445,-1.1259613,-0.5340576
1453095994470,0.5739136,-0.9212036,-0.43164063
1453095994492,0.5214081,-0.5020752,-0.30117798
1453095994511,0.502121,-0.5907135,-0.23072815
1453095994533,0.60549927,-0.86317444,-0.36421204
1453095994555,0.7281189,-0.8331909,-0.57429504
1453095994573,0.8154602,-0.68237305,-0.6746063
1453095994596,0.73594666,-0.41615295,-0.67453
1453095994612,0.5536499,-0.2609558,-0.6328125
1453095994636,0.44480896,-0.37342834,-0.49136353
1453095994655,0.40293884,-0.5387726,-0.28326416
1453095994673,0.31277466,-0.6257477,-0.10255432
1453095994692,0.27890015,-0.6107788,-0.05178833
1453095994714,0.35820007,-0.59280396,-0.075286865
1453095994732,0.4254303,-0.52511597,-0.14224243
1453095994751,0.4068451,-0.3375244,-0.11003113
1453095994776,0.37886047,-0.28703308,-0.030731201
1453095994794,0.31181335,-0.38523865,0.052947998
1453095994811,0.30012512,-0.33111572,0.007904053
1453095994831,0.24050903,-0.15118408,-0.1043396
1453095994853,0.24102783,-0.07144165,-0.11909485
1453095994872,0.22880554,-0.06567383,-0.11328125
1453095994891,0.30091858,-0.26487732,-0.035568237
1453095994910,0.41392517,-0.47273254,0.046783447
1453095994936,0.43626404,-0.5274658,0.02406311
1453095994952,0.36956787,-0.47575378,-0.1131134
1453095994977,0.30477905,-0.4146881,-0.2773285
1453095994990,0.26953125,-0.3943329,-0.37052917
1453095995011,0.24510193,-0.45065308,-0.31466675
1453095995031,0.26660156,-0.5014496,-0.15214539
1453095995052,0.32063293,-0.42562866,-0.061065674
1453095995072,0.33850098,-0.31019592,-0.09347534
1453095995097,0.30950928,-0.30177307,-0.14497375
1453095995115,0.27148438,-0.34309387,-0.15800476
1453095995135,0.25759888,-0.3976593,-0.123046875
1453095995151,0.27192688,-0.43411255,-0.10247803
1453095995178,0.2623291,-0.3602295,-0.168396
1453095995191,0.22640991,-0.19831848,-0.27220154
1453095995213,0.19200134,-0.13890076,-0.29452515
1453095995232,0.20329285,-0.32011414,-0.19743347
1453095995253,0.22587585,-0.46839905,-0.08085632
1453095995275,0.21018982,-0.40597534,-0.064956665
1453095995293,0.19650269,-0.2798462,-0.13069153
1453095995314,0.19000244,-0.2415924,-0.15837097
1453095995337,0.20274353,-0.28666687,-0.13336182
1453095995354,0.21464539,-0.34217834,-0.122528076
1453095995372,0.21253967,-0.37390137,-0.15974426
1453095995391,0.2102356,-0.3093109,-0.21128845
1453095995414,0.19915771,-0.2469635,-0.21972656
1453095995432,0.19815063,-0.292099,-0.18034363
1453095995454,0.19529724,-0.30459595,-0.15992737
1453095995471,0.16651917,-0.22998047,-0.19662476
1453095995494,0.17512512,-0.20091248,-0.22421265
1453095995511,0.23831177,-0.26182556,-0.19470215
1453095995537,0.27485657,-0.2638092,-0.16970825
1453095995552,0.24957275,-0.16337585,-0.18789673
1453095995573,0.20690918,-0.115448,-0.20144653
1453095995591,0.19007874,-0.18797302,-0.17216492
1453095995612,0.1887207,-0.26730347,-0.15278625
1453095995632,0.16035461,-0.23339844,-0.17601013
1453095995655,0.14250183,-0.16256714,-0.20414734
1453095995674,0.15864563,-0.17652893,-0.17973328
1453095995697,0.18226624,-0.16609192,-0.16944885
1453095995715,0.1789093,-0.07711792,-0.20648193
1453095995739,0.17274475,-0.0544281,-0.23893738
1453095995755,0.19487,-0.20620728,-0.18586731
1453095995777,0.20947266,-0.2942047,-0.103652954
1453095995795,0.19535828,-0.17845154,-0.13163757
1453095995818,0.18267822,-0.06489563,-0.22207642
1453095995834,0.18444824,-0.09489441,-0.25498962
1453095995857,0.1869812,-0.19799805,-0.21144104
1453095995875,0.15930176,-0.21684265,-0.15805054
1453095995899,0.14181519,-0.18086243,-0.14794922
1453095995915,0.09881592,-0.07583618,-0.18061829
1453095995938,0.11174011,-0.0861969,-0.18991089
1453095995958,0.1860199,-0.18617249,-0.14631653
1453095995975,0.19857788,-0.18701172,-0.12200928
1453095995994,0.17944336,-0.10191345,-0.1363678
1453095996017,0.16455078,-0.06985474,-0.17460632
1453095996035,0.13623047,-0.013977051,-0.2408905
1453095996058,0.12234497,-0.024230957,-0.25924683
1453095996075,0.14912415,-0.110198975,-0.2062378
1453095996098,0.16452026,-0.10839844,-0.18167114
1453095996115,0.14515686,-0.05215454,-0.1999054
1453095996136,0.15275574,-0.11303711,-0.16119385
1453095996152,0.19773865,-0.24172974,-0.088760376
1453095996173,0.19232178,-0.20310974,-0.092559814
1453095996192,0.12884521,-0.022445679,-0.17764282
1453095996213,0.09094238,0.06689453,-0.21992493
1453095996234,0.11454773,-0.012802124,-0.1719513
1453095996258,0.1550293,-0.1349945,-0.10533142
1453095996272,0.15655518,-0.13726807,-0.124801636
1453095996293,0.12588501,-0.08943176,-0.19148254
1453095996317,0.097839355,-0.08987427,-0.20025635
1453095996335,0.115600586,-0.10569763,-0.15690613
1453095996352,0.17250061,-0.09527588,-0.13285828
1453095996383,0.21691895,-0.060958862,-0.16664124
1453095996393,0.22174072,-0.024475098,-0.21453857
1453095996415,0.19747925,0.034057617,-0.21929932
1453095996433,0.16551208,0.055755615,-0.21003723
1453095996455,0.16014099,-0.035873413,-0.15820313
1453095996472,0.17506409,-0.1690216,-0.06826782
1453095996500,0.14952087,-0.17359924,-0.044952393
1453095996515,0.08717346,-0.07673645,-0.10240173
1453095996538,0.04814148,-0.027664185,-0.15971375
1453095996555,0.05831909,-0.075927734,-0.16459656
1453095996580,0.07766724,-0.10169983,-0.17419434
1453095996596,0.052856445,-0.079833984,-0.15481567
1453095996619,0.027267456,-0.066848755,-0.111312866
1453095996635,0.083465576,-0.047409058,-0.12631226
1453095996654,0.17591858,0.016479492,-0.20323181
1453095996678,0.22406006,0.048217773,-0.2559662
1453095996700,0.2310791,-0.05432129,-0.23727417
1453095996716,0.18403625,-0.14530945,-0.17997742
1453095996737,0.07493591,-0.14659119,-0.11791992
1453095996752,-0.026443481,-0.09098816,-0.09863281
1453095996773,-0.07548523,-0.0038452148,-0.13192749
1453095996792,-0.041931152,0.012863159,-0.16064453
1453095996813,0.044174194,-0.035995483,-0.15583801
1453095996835,0.09170532,-0.03919983,-0.14619446
1453095996853,0.10044861,0.024887085,-0.16044617
1453095996877,0.09927368,0.05555725,-0.18415833
1453095996896,0.13523865,-0.02166748,-0.18466187
1453095996912,0.1611023,-0.07234192,-0.18507385
1453095996938,0.13812256,-0.06362915,-0.21403503
1453095996957,0.11244202,-0.06796265,-0.2089386
1453095996977,0.1063385,-0.049713135,-0.15602112
1453095996998,0.13546753,-0.042755127,-0.09384155
1453095997016,0.14959717,0.0032653809,-0.084228516
1453095997035,0.109558105,0.114105225,-0.15571594
1453095997060,0.10974121,0.075912476,-0.1844635
1453095997077,0.1799469,-0.09701538,-0.14672852
1453095997096,0.20683289,-0.15489197,-0.13772583
1453095997115,0.19422913,0.014770508,-0.2243042
1453095997138,0.17028809,0.11256409,-0.26264954
1453095997155,0.10765076,0.1018219,-0.2673645
1453095997178,0.09603882,0.04197693,-0.24302673
1453095997199,0.07577515,-0.09631348,-0.15182495
1453095997214,0.07736206,-0.08566284,-0.12817383
1453095997238,0.08830261,-0.023834229,-0.09490967
1453095997257,0.11038208,0.032592773,-0.1002655
1453095997275,0.13058472,0.034439087,-0.13398743
1453095997298,0.12199402,-0.009490967,-0.13418579
1453095997315,0.087387085,-0.06037903,-0.10525513
1453095997334,0.04852295,-0.04573059,-0.10513306
1453095997353,0.05770874,0.0058135986,-0.12901306
1453095997380,0.109191895,-0.00592041,-0.14407349
1453095997402,0.13368225,-0.02128601,-0.15853882
1453095997414,0.11035156,0.025024414,-0.17781067
1453095997435,0.07557678,0.04084778,-0.17277527
1453095997456,0.071014404,0.009246826,-0.153656
1453095997473,0.08932495,-0.01876831,-0.1486969
1453095997494,0.11439514,-0.043319702,-0.13934326
1453095997519,0.11439514,-0.06326294,-0.134552
1453095997539,0.094192505,-0.009475708,-0.1486969
1453095997562,0.059753418,0.0834198,-0.17242432
1453095997574,0.081726074,0.08041382,-0.18252563
1453095997595,0.11264038,-0.033355713,-0.16859436
1453095997619,0.09465027,-0.1304779,-0.13052368
1453095997637,0.047195435,-0.11074829,-0.12486267
1453095997654,0.046691895,-0.016693115,-0.15823364
1453095997679,0.09387207,0.065719604,-0.20115662
1453095997700,0.13739014,0.053359985,-0.18688965
1453095997715,0.1516571,-0.03189087,-0.12461853
1453095997740,0.11656189,-0.022399902,-0.10990906
1453095997758,0.08880615,0.01461792,-0.14839172
1453095997779,0.09249878,0.022232056,-0.17687988
1453095997796,0.11488342,0.005996704,-0.14878845
1453095997820,0.13256836,-0.0448761,-0.10636902
1453095997837,0.10910034,-0.051635742,-0.11601257
1453095997856,0.05432129,0.005355835,-0.17778015
1453095997880,0.018875122,0.04208374,-0.22042847
1453095997897,0.042388916,0.006515503,-0.19638062
1453095997918,0.1162262,-0.0670166,-0.11543274
1453095997936,0.16851807,-0.08282471,-0.06842041
1453095997960,0.12864685,0.018127441,-0.111206055
1453095997975,0.060424805,0.06576538,-0.16365051
1453095997994,0.059646606,0.021942139,-0.17308044
1453095998018,0.09559631,-0.017181396,-0.1639862
1453095998037,0.11981201,-0.041503906,-0.15446472
1453095998059,0.101623535,-0.011306763,-0.14506531
1453095998076,0.078201294,0.036239624,-0.14033508
1453095998101,0.07444763,0.069610596,-0.14527893
1453095998116,0.079574585,0.049484253,-0.13098145
1453095998139,0.080581665,0.001159668,-0.11682129
1453095998154,0.07575989,-0.01638794,-0.11685181
1453095998175,0.07688904,-0.01008606,-0.12667847
1453095998197,0.07209778,0.0076141357,-0.13146973
1453095998222,0.07208252,0.035827637,-0.14105225
1453095998234,0.09599304,0.06617737,-0.15060425
1453095998256,0.1085968,0.06777954,-0.15605164
1453095998276,0.15943909,-0.039657593,-0.11453247
1453095998298,0.15597534,-0.06185913,-0.10044861
1453095998315,0.050628662,0.04347229,-0.16748047
1453095998342,0.022277832,0.05783081,-0.19058228
1453095998357,0.077056885,-0.016540527,-0.15655518
1453095998377,0.110565186,-0.020111084,-0.1421814
1453095998394,0.13929749,0.08529663,-0.12783813
1453095998415,0.1329956,0.07949829,-0.109375
1453095998436,0.118621826,-0.0035095215,-0.061553955
1453095998457,0.10069275,-0.05734253,-0.06661987
1453095998480,0.09703064,-0.019485474,-0.1530304
1453095998497,0.08746338,0.07148743,-0.24401855
1453095998514,0.09460449,0.05760193,-0.24926758
1453095998540,0.14160156,-0.08427429,-0.18296814
1453095998554,0.15608215,-0.10939026,-0.13987732
1453095998576,0.106658936,0.0010223389,-0.15394592
1453095998595,0.07673645,0.0695343,-0.1632843
1453095998616,0.09147644,0.04789734,-0.1441803
1453095998637,0.11061096,-0.0057678223,-0.12976074
1453095998656,0.12712097,-0.05647278,-0.13490295
1453095998681,0.14181519,-0.053359985,-0.16844177
1453095998700,0.13519287,0.026321411,-0.19680786
1453095998716,0.109313965,0.09072876,-0.21081543
1453095998739,0.0884552,0.08274841,-0.220047
1453095998755,0.091934204,-0.019180298,-0.17185974
1453095998782,0.111190796,-0.088027954,-0.114364624
1453095998799,0.11791992,-0.052200317,-0.109939575
1453095998816,0.11314392,0.013946533,-0.16259766
1453095998836,0.11274719,0.042495728,-0.21040344
1453095998856,0.10635376,0.021957397,-0.20526123
1453095998875,0.122177124,-0.023452759,-0.16236877
1453095998896,0.14112854,-0.045425415,-0.15267944
1453095998919,0.1468811,-0.019195557,-0.15762329
1453095998939,0.14001465,0.06098938,-0.18121338
1453095998955,0.13154602,0.09576416,-0.20532227
1453095998979,0.15893555,-0.025787354,-0.2011261
1453095998996,0.16795349,-0.09906006,-0.21063232
1453095999020,0.09875488,0.005783081,-0.25819397
1453095999035,0.047073364,0.06758118,-0.25271606
1453095999057,0.074920654,-0.0013427734,-0.16160583
1453095999078,0.14199829,-0.02848816,-0.12335205
1453095999097,0.17323303,0.050979614,-0.15260315
1453095999121,0.1558075,0.06813049,-0.1672821
1453095999136,0.114212036,0.0062408447,-0.12922668
1453095999155,0.09803772,-0.010620117,-0.12982178
1453095999176,0.093444824,0.05328369,-0.220932
1453095999198,0.06335449,0.09609985,-0.29255676
1453095999217,0.024093628,0.0544281,-0.25413513
1453095999241,-0.03375244,0.046203613,-0.17176819
1453095999259,-0.076660156,0.022781372,-0.09906006
1453095999276,-0.04057312,-0.00390625,-0.068984985
1453095999320,0.06517029,0.05769348,-0.09687805
1453095999321,0.20925903,0.11462402,-0.14006042
1453095999336,0.34100342,0.101257324,-0.16447449
1453095999376,0.38459778,0.066223145,-0.17895508
1453095999397,0.30793762,0.04460144,-0.19813538
1453095999398,0.16574097,0.03996277,-0.20323181
1453095999438,0.038894653,0.06173706,-0.1749878
1453095999438,5.645752E-4,0.024795532,-0.11845398
1453095999456,0.015930176,-0.005203247,-0.09562683
1453095999475,0.034622192,0.020889282,-0.091674805
1453095999496,0.015304565,0.062698364,-0.10601807
1453095999516,-0.032592773,0.03413391,-0.11079407
1453095999540,-0.027816772,-0.004180908,-0.10600281
1453095999555,0.053497314,-0.0211792,-0.17301941
1453095999576,0.09712219,-0.022720337,-0.19799805
1453095999595,0.1458435,-0.015808105,-0.2029419
1453095999616,0.10688782,0.08720398,-0.18844604
1453095999637,0.052856445,0.16601563,-0.18818665
1453095999656,0.061157227,0.06260681,-0.15533447
1453095999675,0.09901428,-0.08616638,-0.12265015
1453095999696,0.075790405,-0.06163025,-0.15151978
1453095999717,0.015579224,0.052093506,-0.2084198
1453095999739,-0.019195557,0.105667114,-0.19761658
1453095999759,0.020233154,0.05871582,-0.12988281
1453095999780,0.11714172,-0.075790405,-0.04875183
1453095999798,0.17189026,-0.123687744,-0.010864258
1453095999821,0.122665405,0.006515503,-0.07765198
1453095999837,0.053131104,0.14363098,-0.17773438
1453095999861,0.051361084,0.058059692,-0.17262268
1453095999877,0.12713623,-0.14749146,-0.10154724
1453095999900,0.15692139,-0.1182251,-0.106536865
1453095999916,0.10746765,0.12454224,-0.19721985
1453095999937,0.059524536,0.19482422,-0.25852966
1453095999956,0.07272339,0.008148193,-0.2104187
1453095999981,0.1015625,-0.10949707,-0.1434021
1453095999996,0.098724365,-0.026351929,-0.14857483
1453096000022,0.094070435,0.063308716,-0.16775513
1453096000038,0.09768677,0.037765503,-0.14837646
1453096000061,0.10725403,0.0038757324,-0.13400269
1453096000077,0.13395691,-0.027114868,-0.144104
1453096000101,0.13716125,-0.064834595,-0.1581726
1453096000117,0.10217285,0.010177612,-0.18183899
1453096000142,0.087753296,0.11210632,-0.19047546
1453096000156,0.11024475,0.065460205,-0.1662445
1453096000179,0.12315369,-0.02973938,-0.12193298
1453096000197,0.09089661,-0.031600952,-0.11166382
1453096000221,0.053115845,0.0050811768,-0.14433289
1453096000236,0.045547485,0.03488159,-0.18592834
1453096000257,0.06930542,0.05732727,-0.18971252
1453096000279,0.08937073,0.10281372,-0.1688385
1453096000300,0.0975647,0.06826782,-0.12451172
1453096000322,0.08894348,0.0073547363,-0.14189148
1453096000341,0.071502686,-0.014343262,-0.16047668
1453096000358,0.13493347,-0.09010315,-0.061203003
1453096000377,0.19854736,-0.099731445,-0.004043579
1453096000398,0.13360596,0.16235352,-0.13563538
1453096000417,0.043289185,0.37257385,-0.29374695
1453096000438,0.09472656,0.20812988,-0.25228882
1453096000459,0.22792053,-0.13407898,-0.10749817
1453096000478,0.17999268,-0.25024414,-0.032730103
1453096000500,-0.08216858,-0.10298157,-0.022247314
1453096000516,-0.19685364,-0.050689697,-0.09864807
1453096000537,-0.023864746,-0.067977905,-0.24415588
1453096000557,0.08039856,0.036712646,-0.33081055
1453096000578,-0.006164551,0.016113281,-0.26538086
1453096000603,-0.056274414,-0.1560669,-0.12019348
1453096000619,-0.06755066,-0.18304443,-0.070892334
1453096000638,-0.13923645,-0.0024719238,-0.07841492
1453096000660,-0.1652832,0.06336975,-0.0901947
1453096000681,-0.026443481,0.096221924,-0.068878174
1453096000700,0.07714844,0.050186157,-0.05404663
1453096000717,0.3021698,0.012435913,-0.10662842
1453096000739,0.3164978,0.047332764,-0.13050842
1453096000761,0.28295898,0.11941528,-0.18785095
1453096000779,0.2710266,0.07273865,-0.1860199
1453096000803,0.27174377,-0.009674072,-0.16564941
1453096000818,0.2881775,0.020355225,-0.16477966
1453096000840,0.25556946,0.14265442,-0.21646118
1453096000859,0.16690063,0.21812439,-0.2864685
1453096000881,0.11631775,0.13484192,-0.28556824
1453096000898,0.1455841,0.011001587,-0.2232666
1453096000922,0.15553284,0.050201416,-0.1899414
1453096000941,0.09118652,0.14715576,-0.20394897
1453096000962,0.05834961,0.0884552,-0.18962097
1453096000980,0.1056366,-0.06919861,-0.13780212
1453096000997,0.10131836,-0.04295349,-0.14772034
1453096001025,-0.008178711,0.1468811,-0.21891785
1453096001038,-0.06739807,0.18252563,-0.21864319
1453096001065,-0.015975952,0.026901245,-0.11883545
1453096001078,0.035125732,-0.07064819,-0.038131714
1453096001105,-0.008956909,0.0137786865,-0.066848755
1453096001117,-0.0107421875,0.13252258,-0.227005
1453096001138,-0.014175415,0.1506195,-0.32006836
1453096001157,-0.026382446,0.023422241,-0.1928711
1453096001212,0.0032958984,-0.092926025,-0.01159668
1453096001229,0.03753662,-0.05142212,0.03945923
1453096001236,0.13214111,0.0027923584,-0.045898438
1453096001237,0.40460205,-8.8500977E-4,-0.1681366
1453096001272,0.27864075,0.038909912,-0.16075134
1453096001290,-0.09916687,0.105789185,-0.109191895
1453096001298,-0.032302856,0.057754517,-0.16755676
1453096001319,0.106552124,-0.03239441,-0.19613647
1453096001346,0.11009216,-0.03211975,-0.2016449
1453096001357,0.114852905,-0.0034484863,-0.21592712
1453096001386,0.08947754,0.016601563,-0.19158936
1453096001397,0.07406616,0.033554077,-0.14813232
1453096001418,0.10787964,-0.018554688,-0.09037781
1453096001438,0.15039063,-0.10203552,-0.02861023
1453096001466,0.15045166,-0.051071167,-0.05230713
1453096001477,0.10258484,0.10040283,-0.16708374
1453096001499,0.09140015,0.12030029,-0.26333618
1453096001518,0.10827637,0.011550903,-0.25889587
1453096001539,0.10649109,-0.08308411,-0.17781067
1453096001558,0.11755371,-0.13565063,-0.10189819
1453096001579,0.13705444,-0.07778931,-0.10845947
1453096001597,0.096969604,0.10296631,-0.1847992
1453096001619,0.022232056,0.25083923,-0.2647705
1453096001637,0.056732178,0.21313477,-0.27844238
1453096001658,0.14778137,0.09686279,-0.22496033
1453096001680,0.14038086,0.08291626,-0.18049622
1453096001704,0.087371826,0.05784607,-0.1594696
1453096001720,0.0756073,0.013763428,-0.16781616
1453096001740,0.0900116,-0.027435303,-0.18606567
1453096001759,0.122406006,-0.060134888,-0.1473999
1453096001780,0.1706543,-0.11701965,-0.07147217
1453096001799,0.18971252,-0.15657043,-0.033798218
1453096001822,0.169281,-0.11268616,-0.0526886
1453096001841,0.062454224,0.11341858,-0.22476196
1453096001862,0.061447144,0.13601685,-0.26853943
1453096001881,0.09072876,0.03816223,-0.28775024
1453096001900,0.07345581,0.018157959,-0.25369263
1453096001919,0.08670044,0.037719727,-0.11936951
1453096001946,0.121276855,0.0259552,-0.09068298
1453096001959,0.16494751,0.0116119385,-0.100250244
1453096001985,0.14984131,0.035842896,-0.12388611
1453096001998,0.127182,0.08772278,-0.18640137
1453096002019,0.11785889,0.08526611,-0.23442078
1453096002038,0.09660339,0.06137085,-0.25323486
1453096002059,0.0758667,0.028656006,-0.22418213
1453096002082,0.07949829,0.0075531006,-0.16653442
1453096002099,0.09855652,0.040481567,-0.15226746
1453096002121,0.106658936,0.07556152,-0.1712799
1453096002141,0.09555054,0.07525635,-0.1902008
1453096002158,0.09416199,0.013412476,-0.18510437
1453096002186,0.13301086,-0.03768921,-0.17582703
1453096002203,0.121658325,0.060317993,-0.185318
1453096002219,0.065979004,0.16668701,-0.20405579
1453096002240,0.02432251,0.110458374,-0.17926025
1453096002260,0.07086182,-0.061828613,-0.11755371
1453096002282,0.15112305,-0.15504456,-0.08959961
1453096002299,0.15080261,-0.019210815,-0.13278198
1453096002318,0.10110474,0.14878845,-0.18518066
1453096002343,0.080200195,0.15341187,-0.19914246
1453096002363,0.10601807,0.04676819,-0.18518066
1453096002379,0.1313324,-0.040985107,-0.17120361
1453096002398,0.12007141,-0.02607727,-0.17573547
1453096002420,0.09938049,0.04724121,-0.19468689
1453096002440,0.093048096,0.07421875,-0.19920349
1453096002462,0.120162964,0.030471802,-0.1605072
1453096002480,0.13771057,-0.027114868,-0.11705017
1453096002506,0.13130188,-0.006866455,-0.13117981
1453096002520,0.11048889,0.054504395,-0.16918945
1453096002546,0.102371216,0.047729492,-0.16947937
1453096002560,0.12385559,-0.013198853,-0.14131165
1453096002586,0.09968567,0.010650635,-0.17488098
1453096002599,0.060195923,0.03491211,-0.22261047
1453096002620,0.07110596,-0.0031585693,-0.20756531
1453096002639,0.12734985,-0.035949707,-0.15951538
1453096002662,0.16384888,0.0069122314,-0.14970398
1453096002684,0.14701843,0.104156494,-0.17320251
1453096002702,0.11590576,0.113845825,-0.16308594
1453096002721,0.11413574,0.037231445,-0.119506836
1453096002745,0.14456177,-0.043304443,-0.11022949
1453096002761,0.1643982,-0.052825928,-0.15827942
1453096002786,0.14065552,0.004333496,-0.20150757
1453096002801,0.10029602,0.09147644,-0.19644165
1453096002826,0.060424805,0.14631653,-0.18183899
1453096002842,0.050857544,0.04096985,-0.13874817
1453096002866,0.084365845,-0.07505798,-0.11000061
1453096002879,0.12565613,-0.054016113,-0.13464355
1453096002905,0.14001465,0.06384277,-0.18266296
1453096002923,0.1171875,0.14645386,-0.2021637
1453096002946,0.0836792,0.09561157,-0.15431213
1453096002960,0.07531738,-0.015823364,-0.11148071
1453096002980,0.095703125,-0.047714233,-0.13093567
1453096003006,0.13400269,0.017990112,-0.17887878
1453096003021,0.14990234,0.051605225,-0.19366455
1453096003043,0.15278625,0.043762207,-0.18955994
1453096003060,0.14607239,0.021896362,-0.18066406
1453096003085,0.114990234,0.03086853,-0.17655945
1453096003100,0.100631714,0.08557129,-0.18634033
1453096003126,0.08627319,0.14894104,-0.19128418
1453096003140,0.09750366,0.118515015,-0.17736816
1453096003165,0.1559143,-0.025909424,-0.13557434
1453096003184,0.17477417,-0.08189392,-0.13182068
1453096003206,0.1252594,0.028335571,-0.1517334
1453096003220,0.08358765,0.11167908,-0.17124939
1453096003239,0.09074402,0.088912964,-0.14782715
1453096003261,0.17118835,-0.0061950684,-0.11619568
1453096003286,0.21928406,0.012573242,-0.14134216
1453096003302,0.13865662,0.1639862,-0.21821594
1453096003325,0.041732788,0.14337158,-0.2467041
1453096003342,0.026473999,-0.00730896,-0.17948914
1453096003361,0.10520935,-0.05455017,-0.11773682
1453096003382,0.17840576,0.021408081,-0.12767029
1453096003399,0.1845398,0.125,-0.17590332
1453096003421,0.15078735,0.16386414,-0.19502258
1453096003440,0.12806702,0.08679199,-0.15219116
1453096003463,0.14038086,-0.038726807,-0.11450195
1453096003481,0.13040161,-0.017532349,-0.13357544
1453096003505,0.10606384,0.09185791,-0.18617249
1453096003524,0.10536194,0.11465454,-0.20037842
1453096003541,0.12059021,0.0756073,-0.186203
1453096003560,0.10922241,0.052215576,-0.15228271
1453096003581,0.093429565,0.03918457,-0.1328125
1453096003600,0.08268738,0.07022095,-0.14212036
1453096003621,0.07678223,0.10569763,-0.15144348
1453096003640,0.107040405,0.07980347,-0.15177917
1453096003664,0.13858032,0.038497925,-0.123672485
1453096003684,0.13616943,0.017456055,-0.09547424
1453096003704,0.07740784,0.04586792,-0.099975586
1453096003726,0.039352417,0.08929443,-0.14312744
1453096003741,0.048233032,0.1214447,-0.19082642
1453096003766,0.07595825,0.103897095,-0.21452332
1453096003782,0.103393555,0.038589478,-0.1807251
1453096003806,0.14131165,-0.035217285,-0.10990906
1453096003821,0.15309143,-0.019973755,-0.07688904
1453096003840,0.1274414,0.05796814,-0.0871582
1453096003861,0.090545654,0.0826416,-0.13056946
1453096003886,0.069366455,0.057418823,-0.16470337
1453096003907,0.07662964,0.043518066,-0.17004395
1453096003927,0.08895874,0.056289673,-0.1706543
1453096003942,0.08589172,0.071258545,-0.18061829
1453096003967,0.08720398,0.083496094,-0.18569946
1453096003982,0.07637024,0.092178345,-0.17584229
1453096004007,0.083480835,0.053100586,-0.1619873
1453096004024,0.09513855,0.03211975,-0.17202759
1453096004042,0.080596924,0.041793823,-0.19113159
1453096004068,0.074783325,9.613037E-4,-0.17654419
1453096004084,0.0978241,-0.036727905,-0.14761353
1453096004102,0.12062073,0.0064849854,-0.15214539
1453096004125,0.12371826,0.11506653,-0.18049622
1453096004144,0.10736084,0.15452576,-0.18005371
1453096004160,0.09814453,0.081207275,-0.117889404
1453096004188,0.096954346,0.034500122,-0.088897705
1453096004207,0.09603882,-0.011138916,-0.0934906
1453096004223,0.09034729,0.018585205,-0.11723328
1453096004241,0.07493591,0.118515015,-0.16009521
1453096004264,0.07385254,0.111587524,-0.15985107
1453096004285,0.06340027,0.031066895,-0.14050293
1453096004307,0.05796814,0.0101623535,-0.1355896
1453096004321,0.0670166,-0.016098022,-0.13546753
1453096004343,0.07595825,0.0051727295,-0.13531494
1453096004370,0.08465576,0.08476257,-0.14949036
1453096004381,0.08821106,0.14111328,-0.15879822
1453096004401,0.10359192,0.08682251,-0.15901184
1453096004422,0.11445618,-0.005050659,-0.14970398
1453096004441,0.10542297,-0.0181427,-0.15461731
1453096004462,0.086257935,0.029724121,-0.17855835
1453096004482,0.076690674,0.08963013,-0.19770813
1453096004502,0.076690674,0.102264404,-0.18812561
1453096004525,0.09411621,0.050109863,-0.15049744
1453096004542,0.112350464,0.025039673,-0.12741089
1453096004567,0.11155701,0.048446655,-0.13305664
1453096004584,0.100250244,0.062423706,-0.12892151
1453096004604,0.077438354,0.08880615,-0.13395691
1453096004626,0.07621765,0.10771179,-0.14431763
1453096004641,0.11373901,0.08207703,-0.14518738
1453096004667,0.13728333,0.06265259,-0.16529846
1453096004686,0.12423706,0.07141113,-0.1991272
1453096004705,0.09552002,0.09793091,-0.21350098
1453096004723,0.09828186,0.06350708,-0.18054199
1453096004745,0.13357544,-0.003326416,-0.13883972
1453096004762,0.13949585,0.036376953,-0.1592865
1453096004789,0.08325195,0.14642334,-0.22660828
1453096004803,0.040145874,0.15649414,-0.26496887
1453096004828,0.05644226,0.09976196,-0.22605896
1453096004843,0.14112854,-0.0061035156,-0.14056396
1453096004868,0.21214294,-0.04585266,-0.07914734
1453096004883,0.20306396,0.046569824,-0.11276245
1453096004902,0.13032532,0.12583923,-0.18437195
1453096004922,0.09211731,0.12426758,-0.20832825
1453096004944,0.11669922,0.07398987,-0.18930054
1453096004962,0.13386536,0.0443573,-0.17449951
1453096004982,0.138443,0.04371643,-0.16487122
1453096005001,0.13276672,0.052627563,-0.17425537
1453096005022,0.11164856,0.051986694,-0.19776917
1453096005041,0.08616638,0.05102539,-0.18785095
1453096005069,0.0801239,0.07197571,-0.15882874
1453096005088,0.09806824,0.063323975,-0.16331482
1453096005107,0.1252594,0.021774292,-0.20127869
1453096005126,0.12808228,0.015319824,-0.229599
1453096005144,0.1151886,0.08378601,-0.24806213
1453096005161,0.11769104,0.102371216,-0.23323059
1453096005185,0.14398193,0.05101013,-0.20399475
1453096005207,0.14630127,0.034225464,-0.17955017
1453096005224,0.12490845,0.06629944,-0.16950989
1453096005244,0.103759766,0.10467529,-0.18826294
1453096005263,0.09715271,0.107925415,-0.19744873
1453096005283,0.119262695,0.060317993,-0.18269348
1453096005309,0.13644409,0.029266357,-0.16789246
1453096005321,0.1295929,0.06712341,-0.17222595
1453096005345,0.1179657,0.10960388,-0.17176819
1453096005366,0.11601257,0.09490967,-0.16174316
1453096005386,0.118927,0.07720947,-0.16131592
1453096005402,0.14097595,0.01977539,-0.13693237
1453096005423,0.14849854,0.027694702,-0.13166809
1453096005443,0.15092468,0.10093689,-0.14068604
1453096005465,0.1471405,0.112213135,-0.15048218
1453096005484,0.13973999,0.060699463,-0.17486572
1453096005508,0.11975098,0.064453125,-0.1842041
1453096005523,0.07972717,0.078552246,-0.20291138
1453096005546,0.080581665,0.056503296,-0.17324829
1453096005566,0.13891602,-0.0018615723,-0.106414795
1453096005583,0.22071838,-0.019180298,-0.09208679
1453096005602,0.20269775,0.117126465,-0.15820313
1453096005623,0.13670349,0.22453308,-0.1860199
1453096005646,0.1005249,0.14608765,-0.15666199
1453096005665,0.09613037,0.015716553,-0.13276672
1453096005685,0.09968567,-0.018875122,-0.13723755
1453096005712,0.120025635,0.014755249,-0.14701843
1453096005722,0.13372803,0.060302734,-0.16114807
1453096005743,0.12939453,0.08016968,-0.17553711
1453096005768,0.11303711,0.066726685,-0.17021179
1453096005786,0.08758545,0.03694153,-0.15066528
1453096005807,0.086502075,0.008636475,-0.13598633
1453096005825,0.09977722,0.04647827,-0.13560486
1453096005844,0.10321045,0.118896484,-0.15428162
1453096005868,0.10784912,0.14596558,-0.15888977
1453096005885,0.10990906,0.0952301,-0.13537598
1453096005909,0.10682678,0.021987915,-0.111846924
1453096005924,0.07336426,0.012145996,-0.12142944
1453096005946,0.059783936,0.045455933,-0.14076233
1453096005965,0.090423584,0.0546875,-0.1507721
1453096005989,0.13487244,0.06298828,-0.15588379
1453096006005,0.15081787,0.04876709,-0.161026
1453096006029,0.12715149,0.04600525,-0.17541504
1453096006044,0.08468628,0.06819153,-0.1802826
1453096006069,0.07382202,0.09794617,-0.17510986
1453096006085,0.092681885,0.10675049,-0.17016602
1453096006109,0.11721802,0.0716095,-0.16545105
1453096006127,0.12892151,0.037597656,-0.13720703
1453096006144,0.12805176,0.03819275,-0.10455322
1453096006163,0.10166931,0.07284546,-0.11453247
1453096006184,0.07093811,0.10588074,-0.16763306
1453096006203,0.042236328,0.1113739,-0.19613647
1453096006227,0.031936646,0.09963989,-0.18144226
1453096006244,0.057510376,0.036575317,-0.13861084
1453096006270,0.1126709,-0.025497437,-0.095947266
1453096006284,0.13323975,0.03186035,-0.10081482
1453096006304,0.1259613,0.1407013,-0.14421082
1453096006326,0.11419678,0.15765381,-0.14471436
1453096006347,0.10308838,0.07397461,-0.092819214
1453096006375,0.082717896,0.021621704,-0.08401489
1453096006387,0.06222534,0.048980713,-0.1277771
1453096006406,0.07192993,0.07785034,-0.15757751
1453096006424,0.08961487,0.06436157,-0.15829468
1453096006444,0.07537842,0.068740845,-0.17256165
1453096006466,0.05053711,0.079193115,-0.17234802
1453096006484,0.062347412,0.045166016,-0.13453674
1453096006507,0.091430664,0.016143799,-0.110672
1453096006526,0.11306763,0.02381897,-0.12564087
1453096006548,0.10951233,0.052246094,-0.14985657
1453096006566,0.086883545,0.0899353,-0.154953
1453096006591,0.071395874,0.1055603,-0.14509583
1453096006606,0.05619812,0.088409424,-0.13049316
1453096006627,0.04598999,0.078186035,-0.13516235
1453096006645,0.050231934,0.03945923,-0.14941406
1453096006664,0.055023193,0.029891968,-0.1446228
1453096006689,0.08854675,0.05709839,-0.13496399
1453096006710,0.09333801,0.07635498,-0.14440918
1453096006724,0.08854675,0.09072876,-0.14920044
1453096006746,0.088516235,0.06074524,-0.12049866
1453096006763,0.088516235,0.0368042,-0.10133362
1453096006784,0.079956055,0.05117798,-0.1015625
1453096006808,0.077697754,0.066833496,-0.12136841
1453096006826,0.09046936,0.06254578,-0.1413269
1453096006846,0.093948364,0.053207397,-0.14221191
1453096006868,0.07766724,0.07246399,-0.12858582
1453096006885,0.08236694,0.08204651,-0.13931274
1453096006910,0.09208679,0.049118042,-0.19302368
1453096006926,0.09402466,0.037399292,-0.22702026
1453096006948,0.08576965,-0.014663696,-0.18922424
1453096006965,0.10493469,-0.0463562,-0.12225342
1453096006984,0.13017273,0.02999878,-0.108184814
1453096007003,0.13825989,0.12034607,-0.13763428
1453096007031,0.13218689,0.13017273,-0.17201233
1453096007046,0.102142334,0.0753479,-0.16812134
1453096007064,0.07606506,0.04182434,-0.1496582
1453096007084,0.072402954,0.05618286,-0.1594696
1453096007111,0.086746216,0.09275818,-0.19291687
1453096007127,0.111846924,0.09379578,-0.18835449
1453096007148,0.12440491,0.059432983,-0.14601135
1453096007164,0.12478638,0.005584717,-0.113723755
1453096007190,0.11328125,0.01739502,-0.12397766
1453096007210,0.100357056,0.07965088,-0.15779114
1453096007229,0.08598328,0.11315918,-0.17694092
1453096007246,0.09075928,0.1250763,-0.19604492
1453096007267,0.10757446,0.10592651,-0.2109375
1453096007290,0.115112305,0.077194214,-0.19236755
1453096007307,0.12297058,0.06283569,-0.15470886
1453096007326,0.1133728,0.07217407,-0.14512634
1453096007345,0.1048584,0.078567505,-0.16456604
1453096007364,0.1368866,0.074798584,-0.17492676
1453096007391,0.16505432,0.083740234,-0.17103577
1453096007404,0.13850403,0.11174011,-0.16671753
1453096007425,0.09751892,0.08488464,-0.17210388
1453096007445,0.10462952,0.009536743,-0.17285156
1453096007467,0.11642456,-0.024475098,-0.16879272
1453096007486,0.12882996,0.0143585205,-0.19346619
1453096007507,0.119262695,0.0957489,-0.231781
1453096007527,0.0847168,0.14251709,-0.23158264
1453096007546,0.08229065,0.1043396,-0.18804932
1453096007568,0.09669495,0.07936096,-0.1689148
1453096007588,0.121658325,0.10832214,-0.1834259
1453096007606,0.13848877,0.19918823,-0.19335938
1453096007630,0.11174011,0.27412415,-0.17826843
1453096007650,0.061904907,0.20173645,-0.13468933
1453096007665,0.08337402,8.8500977E-4,-0.09686279
1453096007686,0.1587677,-0.10731506,-0.11193848
1453096007709,0.20996094,-0.004562378,-0.16996765
1453096007729,0.20147705,0.146698,-0.20256042
1453096007745,0.18756104,0.17216492,-0.20162964
1453096007771,0.1789856,0.06985474,-0.14331055
1453096007791,0.17817688,0.0521698,-0.13343811
1453096007808,0.16920471,0.05241394,-0.13345337
1453096007830,0.16662598,0.060638428,-0.1481018
1453096007845,0.12602234,0.10803223,-0.20588684
1453096007869,0.10284424,0.11456299,-0.21078491
1453096007887,0.08694458,0.05583191,-0.15292358
1453096007911,0.09529114,0.050750732,-0.12861633
1453096007931,0.12747192,0.05567932,-0.109054565
1453096007945,0.14944458,0.07501221,-0.13725281
1453096007964,0.14700317,0.10328674,-0.18930054
1453096007986,0.10823059,0.09121704,-0.20249939
1453096008006,0.07046509,0.05682373,-0.16331482
1453096008030,0.07783508,0.050094604,-0.13883972
1453096008048,0.11369324,0.066345215,-0.17166138
1453096008068,0.13816833,0.07319641,-0.19464111
1453096008086,0.14938354,0.013412476,-0.16064453
1453096008109,0.1521759,-0.06088257,-0.15550232
1453096008126,0.14312744,-0.023025513,-0.20210266
1453096008150,0.112838745,0.12901306,-0.2288208
1453096008166,0.099365234,0.2296753,-0.17501831
1453096008189,0.10865784,0.1539154,-0.079315186
1453096008207,0.122543335,0.031600952,-0.031402588
1453096008230,0.10343933,0.04547119,-0.050582886
1453096008245,0.08477783,0.11180115,-0.108169556
1453096008271,0.11024475,0.08583069,-0.17080688
1453096008289,0.12905884,0.026550293,-0.2041626
1453096008308,0.12394714,0.029708862,-0.21342468
1453096008325,0.1078949,0.03135681,-0.21765137
1453096008347,0.11602783,-0.02130127,-0.18367004
1453096008374,0.14328003,-0.020202637,-0.13528442
1453096008388,0.15710449,0.051513672,-0.115859985
1453096008411,0.16262817,0.11003113,-0.13034058
1453096008426,0.16473389,0.09207153,-0.12612915
1453096008446,0.17155457,0.025772095,-0.09333801
1453096008468,0.16371155,-0.009475708,-0.09869385
1453096008488,0.15449524,0.025161743,-0.17056274
1453096008510,0.15283203,0.08607483,-0.22755432
1453096008526,0.15098572,0.089782715,-0.23182678
1453096008546,0.13386536,0.04711914,-0.20249939
1453096008565,0.11424255,-0.00944519,-0.16421509
1453096008589,0.11878967,-0.03466797,-0.13546753
1453096008608,0.11740112,0.03201294,-0.13981628
1453096008628,0.1252594,0.1146698,-0.16334534
1453096008647,0.1561737,0.08570862,-0.15919495
1453096008668,0.16741943,0.02670288,-0.15481567
1453096008688,0.12962341,0.017929077,-0.15983582
1453096008712,0.08267212,0.03942871,-0.16011047
1453096008730,0.08074951,0.065963745,-0.1751709
1453096008746,0.12097168,0.07876587,-0.20536804
1453096008769,0.1541748,0.072052,-0.19203186
1453096008788,0.12236023,0.060638428,-0.11582947
1453096008809,0.057113647,0.059631348,-0.08287048
1453096008829,0.027740479,0.04585266,-0.10795593
1453096008847,0.058883667,0.012176514,-0.1434021
1453096008873,0.09347534,-0.005722046,-0.15457153
1453096008889,0.07875061,0.03152466,-0.13648987
1453096008911,0.044677734,0.10975647,-0.14225769
1453096008932,0.030532837,0.15620422,-0.18643188
1453096008948,0.052627563,0.21005249,-0.25177002
1453096008970,0.076156616,0.35549927,-0.4072876
1453096008993,0.1285553,0.26345825,-0.3547058
1453096009005,0.19567871,-0.12823486,-0.086746216
1453096009031,0.18328857,-0.029510498,-0.12854004
1453096009048,0.12225342,0.36938477,-0.30033875
1453096009071,0.23602295,0.2548523,-0.22964478
1453096009092,0.3921051,-0.12939453,-0.006729126
1453096009107,0.32200623,-0.26489258,0.12327576
1453096009126,0.11381531,-0.23986816,0.12123108
1453096009147,-0.05831909,0.016815186,-0.09365845
1453096009166,-0.102005005,0.2451477,-0.24911499
1453096009190,0.0031585693,0.25335693,-0.32164
1453096009210,0.17749023,0.20783997,-0.41212463
1453096009230,0.2071991,0.09754944,-0.21748352
1453096009247,0.10241699,-0.1302948,0.10195923
1453096009271,0.022918701,-0.33351135,0.19284058
1453096009287,-0.044448853,-0.21490479,0.055252075
1453096009311,-0.0798645,0.10391235,-0.16304016
1453096009327,-0.05807495,0.39649963,-0.31887817
1453096009349,0.034423828,0.336792,-0.27061462
1453096009367,0.18095398,-0.017562866,-0.0655365
1453096009395,0.20007324,-0.14245605,0.049194336
1453096009406,0.050445557,0.07080078,-0.040756226
1453096009428,-0.060333252,0.2615204,-0.17866516
1453096009446,-0.0046844482,0.22409058,-0.21195984
1453096009469,0.10977173,0.055252075,-0.14503479
1453096009488,0.15159607,-0.036697388,-0.096954346
1453096009510,0.09640503,0.0826416,-0.16343689
1453096009527,0.07115173,0.16401672,-0.22546387
1453096009549,0.108078,0.04270935,-0.16796875
1453096009568,0.13781738,-0.048812866,-0.09159851
1453096009594,0.1065979,0.037399292,-0.1055603
1453096009606,0.04573059,0.11128235,-0.15299988
1453096009628,0.04751587,0.081466675,-0.16294861
1453096009649,0.094680786,0.12799072,-0.182724
1453096009671,0.110839844,0.20327759,-0.21170044
1453096009689,0.08633423,0.16194153,-0.23049927
1453096009710,0.0071105957,0.1503601,-0.2530365
1453096009729,-0.033935547,0.032211304,-0.22398376
1453096009747,0.058517456,-0.18569946,-0.1182251
1453096009766,0.1513977,-0.12580872,-0.060165405
1453096009788,0.14608765,0.13421631,-0.10707092
1453096009810,0.11047363,0.22073364,-0.15467834
1453096009833,0.11526489,0.13330078,-0.14033508
1453096009851,0.10409546,0.09056091,-0.11621094
1453096009868,0.09329224,0.05458069,-0.120910645
1453096009886,0.09703064,0.00869751,-0.16394043
1453096009911,0.10546875,0.0071258545,-0.19258118
1453096009932,0.11367798,0.055236816,-0.18769836
1453096009950,0.10482788,0.04916382,-0.17837524
1453096009967,0.07359314,0.024505615,-0.17802429
1453096009993,0.053649902,0.075302124,-0.16833496
1453096010010,0.10185242,0.124923706,-0.13973999
1453096010034,0.13000488,0.1113739,-0.12536621
1453096010050,0.11299133,0.047958374,-0.14500427
1453096010070,0.10272217,-0.00944519,-0.1506195
1453096010091,0.11231995,-0.0034332275,-0.13711548
1453096010114,0.11286926,0.027328491,-0.14202881
1453096010129,0.09474182,0.11607361,-0.20924377
1453096010150,0.102890015,0.11779785,-0.22418213
1453096010168,0.091537476,0.106781006,-0.24780273
1453096010194,0.06776428,0.12315369,-0.2565918
1453096010211,0.07141113,0.09692383,-0.19416809
1453096010229,0.08753967,0.05319214,-0.16490173
1453096010251,0.062423706,0.09666443,-0.2020874
1453096010269,0.037261963,0.17626953,-0.22489929
1453096010289,0.053497314,0.17842102,-0.21002197
1453096010309,0.12875366,0.042312622,-0.13316345
1453096010332,0.1446228,0.025924683,-0.103759766
1453096010348,0.10165405,0.11338806,-0.16503906
1453096010367,0.08572388,0.14085388,-0.2124939
1453096010389,0.11273193,0.09979248,-0.19773865
1453096010407,0.12532043,0.017913818,-0.1734314
1453096010428,0.11425781,-0.022338867,-0.17778015
1453096010447,0.0907135,0.07221985,-0.18151855
1453096010469,0.08808899,0.14979553,-0.14736938
1453096010490,0.11280823,0.10093689,-0.113098145
1453096010514,0.06526184,0.05305481,-0.1642456
1453096010527,-0.0013122559,0.16221619,-0.2806244
1453096010556,0.08099365,0.24075317,-0.26119995
1453096010569,0.17240906,0.090270996,-0.06047058
1453096010590,0.1449585,-0.020645142,0.09033203
