1453179481971,0.36938477,-0.19218445,-0.5035858
1453179481988,10.282303,-59.059937,0.5159149
1453179482007,10.241287,-59.040665,0.50749207
1453179482034,0.13108826,1.3293457,-0.3743286
1453179482047,0.39915466,0.8395691,-0.35379028
1453179482069,0.6691284,0.35873413,-0.32037354
1453179482088,0.93600464,0.07571411,-0.4099884
1453179482108,1.1161652,0.0974884,-0.55233765
1453179482128,1.0349121,0.33613586,-0.5058594
1453179482148,0.7312927,0.6605835,-0.204422
1453179482168,0.47065735,0.89305115,0.0887146
1453179482189,0.32234192,0.9308624,0.026870728
1453179482208,0.22535706,0.85350037,-0.39086914
1453179482229,0.20343018,0.7759552,-0.8040924
1453179482248,0.24549866,0.7422638,-0.94000244
1453179482275,0.2605896,0.8128967,-0.8252411
1453179482288,0.26115417,0.9632416,-0.6631775
1453179482309,0.06272888,-0.068740845,-0.13259888
1453179482329,0.2325592,-0.1943512,-0.030532837
1453179482349,0.4717865,-0.46069336,0.06376648
1453179482369,0.6480255,-0.658371,0.036331177
1453179482389,0.57588196,-0.6398926,-0.0868988
1453179482408,0.47314453,-0.5700836,-0.14459229
1453179482429,0.15379333,-0.3705902,-0.07322693
1453179482448,0.12966919,-0.3146515,-0.0046844482
1453179482469,0.14047241,-0.25897217,0.123306274
1453179482488,0.14790344,-0.2672882,0.10139465
1453179482509,0.2084961,-0.34576416,-0.10296631
1453179482535,0.19978333,-0.35006714,-0.121536255
1453179482550,0.1790924,-0.36062622,-0.08656311
1453179482575,0.21640015,-0.3555603,-0.09262085
1453179482592,0.21669006,-0.3262024,-0.06970215
1453179482614,0.18893433,-0.2868042,-0.06271362
1453179482636,0.21070862,-0.30496216,-0.094314575
1453179482648,0.21063232,-0.35180664,-0.1352539
1453179482669,0.23953247,-0.31214905,-0.20396423
1453179482688,0.19418335,-0.24317932,-0.07577515
1453179482709,0.16235352,-0.26313782,0.031463623
1453179482735,0.23564148,-0.33906555,-0.06933594
1453179482756,0.28204346,-0.3829651,-0.20025635
1453179482774,0.28260803,-0.37609863,-0.27191162
1453179482790,0.16990662,-0.28933716,-0.070007324
1453179482808,0.035308838,-0.19621277,0.18745422
1453179482830,0.09535217,-0.19380188,0.12805176
1453179482850,0.20449829,-0.26930237,-0.11747742
1453179482870,0.22782898,-0.32937622,-0.30703735
1453179482888,0.16220093,-0.3461609,-0.26481628
1453179482910,0.08570862,-0.3118744,-0.11482239
1453179482928,0.11828613,-0.2624054,-0.10870361
1453179482950,0.18229675,-0.25508118,-0.15080261
1453179482969,0.17373657,-0.24176025,-0.15229797
1453179482996,0.121032715,-0.20777893,-0.11323547
1453179483009,0.114868164,-0.21992493,-0.114089966
1453179483030,0.1348877,-0.24615479,-0.11973572
1453179483050,0.1085968,-0.25306702,-0.08456421
1453179483072,0.13188171,-0.2689972,-0.11932373
1453179483090,0.15098572,-0.27017212,-0.08717346
1453179483110,0.13374329,-0.28041077,-0.029556274
1453179483131,0.16183472,-0.29418945,-0.117767334
1453179483154,0.16340637,-0.28292847,-0.15953064
1453179483174,0.08860779,-0.23226929,-0.06201172
1453179483190,0.0146484375,-0.16644287,-0.03956604
1453179483209,0.026824951,-0.13417053,-0.09933472
1453179483230,0.024353027,-0.14300537,-0.1341095
1453179483248,0.03881836,-0.18359375,-0.24346924
1453179483270,0.14021301,-0.23381042,-0.34303284
1453179483295,0.19252014,-0.2669525,-0.21199036
1453179483314,0.17884827,-0.24804688,-0.039642334
1453179483329,0.17274475,-0.22213745,-0.01361084
1453179483350,0.13931274,-0.22895813,-0.015625
1453179483370,0.11294556,-0.23190308,-0.05279541
1453179483396,0.12814331,-0.22753906,-0.12922668
1453179483413,0.08451843,-0.21282959,-0.11795044
1453179483430,0.06312561,-0.20774841,-0.1689148
1453179483450,0.08805847,-0.21777344,-0.2739563
1453179483476,0.0750885,-0.21200562,-0.25523376
1453179483489,0.09411621,-0.19659424,-0.16946411
1453179483510,0.09869385,-0.17869568,-0.047348022
1453179483529,0.08224487,-0.17170715,0.019729614
1453179483550,0.09416199,-0.17799377,-0.035217285
1453179483569,0.12037659,-0.21266174,-0.10948181
1453179483590,0.12521362,-0.23406982,-0.14979553
1453179483609,0.11306763,-0.24055481,-0.17114258
1453179483632,0.07557678,-0.23912048,-0.27033997
1453179483649,0.0846405,-0.23396301,-0.28674316
1453179483670,0.123428345,-0.21020508,-0.17851257
1453179483696,0.12416077,-0.19900513,-0.11695862
1453179483715,0.06758118,-0.16296387,0.01991272
1453179483734,0.056167603,-0.17140198,0.011779785
1453179483754,0.07104492,-0.2103424,-0.06744385
1453179483778,0.095962524,-0.25506592,-0.19416809
1453179483790,0.12095642,-0.26905823,-0.31207275
1453179483809,0.09942627,-0.21611023,-0.3072815
1453179483832,0.006958008,-0.12934875,-0.18786621
1453179483855,0.044403076,-0.11947632,-0.17826843
1453179483870,0.12155151,-0.16590881,-0.19593811
1453179483895,0.12745667,-0.2079773,-0.13415527
1453179483910,0.104278564,-0.19993591,-0.066482544
1453179483929,0.073013306,-0.1645813,-0.027008057
1453179483951,0.10247803,-0.184021,-0.0776062
1453179483971,0.15068054,-0.23477173,-0.21246338
1453179483991,0.12844849,-0.22158813,-0.22348022
1453179484010,0.03868103,-0.16955566,-0.07287598
1453179484031,-7.6293945E-5,-0.15290833,-0.045959473
1453179484052,0.025161743,-0.19248962,-0.16506958
1453179484072,0.03643799,-0.21412659,-0.25898743
1453179484091,0.02961731,-0.17729187,-0.2383728
1453179484111,0.018554688,-0.12176514,-0.108306885
1453179484129,0.023498535,-0.09844971,-0.024765015
1453179484154,0.08216858,-0.11943054,-0.09870911
1453179484169,0.15306091,-0.17622375,-0.21391296
1453179484191,0.17893982,-0.21554565,-0.22506714
1453179484210,0.1566925,-0.22273254,-0.1379242
1453179484231,0.123916626,-0.21542358,-0.11784363
1453179484249,0.099731445,-0.22496033,-0.16090393
1453179484271,0.076171875,-0.21838379,-0.16163635
1453179484297,0.034576416,-0.17198181,-0.1370697
1453179484312,0.0043029785,-0.119781494,-0.13209534
1453179484337,0.029129028,-0.11843872,-0.14700317
1453179484352,0.03855896,-0.14685059,-0.15670776
1453179484370,0.028778076,-0.15953064,-0.16218567
1453179484391,0.019638062,-0.14750671,-0.12771606
1453179484410,0.04232788,-0.14421082,-0.11558533
1453179484438,0.09277344,-0.15286255,-0.17137146
1453179484456,0.10461426,-0.17071533,-0.22657776
1453179484477,0.085250854,-0.17150879,-0.23773193
1453179484495,0.054138184,-0.15715027,-0.1658783
1453179484512,0.054092407,-0.15713501,-0.14193726
1453179484530,0.052963257,-0.15454102,-0.1429596
1453179484551,0.068573,-0.16893005,-0.12867737
1453179484573,0.12875366,-0.19284058,-0.1716919
1453179484598,0.119766235,-0.20957947,-0.15351868
1453179484615,0.08004761,-0.22392273,-0.1535492
1453179484632,0.042037964,-0.18870544,-0.11871338
1453179484657,-0.029693604,-0.12150574,-0.02116394
1453179484675,-0.020202637,-0.105545044,-0.061050415
1453179484696,0.054504395,-0.16419983,-0.20220947
1453179484711,0.08378601,-0.2006836,-0.28919983
1453179484730,0.09335327,-0.20248413,-0.30000305
1453179484758,0.089538574,-0.1791687,-0.23464966
1453179484770,0.084747314,-0.16481018,-0.18197632
1453179484791,0.075164795,-0.13825989,-0.09207153
1453179484810,0.08267212,-0.13418579,-0.09849548
1453179484836,0.0954895,-0.18048096,-0.09719849
1453179484857,0.10169983,-0.19708252,-0.117385864
1453179484877,0.05519104,-0.21618652,-0.19393921
1453179484897,0.022781372,-0.201828,-0.18919373
1453179484915,0.0011138916,-0.13957214,-0.16049194
1453179484931,0.007598877,-0.11756897,-0.15016174
1453179484953,0.02758789,-0.09843445,-0.13583374
1453179484973,0.05709839,-0.095581055,-0.11314392
1453179484992,0.10153198,-0.13682556,-0.12634277
1453179485012,0.14707947,-0.19058228,-0.17376709
1453179485034,0.15666199,-0.2336731,-0.16897583
1453179485053,0.11515808,-0.2384491,-0.16421509
1453179485073,0.07571411,-0.21446228,-0.20251465
1453179485092,0.035629272,-0.1761322,-0.22164917
1453179485115,-0.0063934326,-0.14097595,-0.18400574
1453179485134,0.0027770996,-0.12661743,-0.11695862
1453179485155,0.050598145,-0.1428833,-0.08946228
1453179485173,0.11483765,-0.18597412,-0.10385132
1453179485195,0.13793945,-0.22062683,-0.122543335
1453179485213,0.11029053,-0.22059631,-0.1512909
1453179485235,0.05847168,-0.18643188,-0.16868591
1453179485254,0.015380859,-0.13079834,-0.17752075
1453179485273,0.024124146,-0.1020813,-0.20141602
1453179485292,0.022583008,-0.11164856,-0.1822815
1453179485313,0.019363403,-0.116882324,-0.17451477
1453179485333,0.047668457,-0.13786316,-0.14221191
1453179485356,0.088653564,-0.17140198,-0.10391235
1453179485371,0.12208557,-0.19802856,-0.11439514
1453179485392,0.12562561,-0.2206726,-0.122558594
1453179485411,0.11125183,-0.2219696,-0.14878845
1453179485433,0.08782959,-0.20541382,-0.18603516
1453179485455,0.05909729,-0.17668152,-0.17166138
1453179485476,0.02659607,-0.16357422,-0.15202332
1453179485498,0.0057525635,-0.1539917,-0.19509888
1453179485514,-0.017227173,-0.13282776,-0.20549011
1453179485531,-0.019699097,-0.13287354,-0.14328003
1453179485555,0.047973633,-0.14030457,-0.10392761
1453179485577,0.12319946,-0.15589905,-0.14370728
1453179485596,0.18032837,-0.19078064,-0.1902008
1453179485613,0.19856262,-0.22157288,-0.1481781
1453179485633,0.12394714,-0.22393799,-0.07824707
1453179485657,0.046524048,-0.20698547,-0.12998962
1453179485676,-0.0041046143,-0.18162537,-0.18125916
1453179485696,-0.018035889,-0.13679504,-0.18200684
1453179485713,-0.008453369,-0.08055115,-0.17388916
1453179485733,-0.002243042,-0.066207886,-0.13560486
1453179485754,0.04335022,-0.104537964,-0.13563538
1453179485772,0.10845947,-0.15722656,-0.17874146
1453179485799,0.15760803,-0.2051239,-0.21224976
1453179485814,0.18348694,-0.2386322,-0.1547699
1453179485837,0.16421509,-0.2434082,-0.08773804
1453179485855,0.10966492,-0.22206116,-0.0770874
1453179485873,0.0541687,-0.19584656,-0.119140625
1453179485894,0.030227661,-0.1661377,-0.18177795
1453179485913,0.025436401,-0.15657043,-0.20573425
1453179485933,0.0035552979,-0.13647461,-0.17739868
1453179485959,0.00819397,-0.12585449,-0.13954163
1453179485976,0.031341553,-0.13545227,-0.12994385
1453179486003,0.0770874,-0.18812561,-0.12515259
1453179486020,0.09373474,-0.20729065,-0.14912415
1453179486038,0.104660034,-0.17990112,-0.19644165
1453179486052,0.09295654,-0.15596008,-0.18208313
1453179486073,0.10369873,-0.12626648,-0.13459778
1453179486094,0.09890747,-0.135849,-0.12501526
1453179486114,0.04473877,-0.17936707,-0.13722229
1453179486132,0.02558899,-0.19145203,-0.16012573
1453179486153,0.050582886,-0.20103455,-0.19364929
1453179486172,0.09140015,-0.19145203,-0.16011047
1453179486196,0.08514404,-0.17802429,-0.09552002
1453179486215,0.08036804,-0.18135071,-0.092178345
1453179486236,0.1000061,-0.20942688,-0.14788818
1453179486252,0.07128906,-0.22940063,-0.1743164
1453179486277,0.040802002,-0.2037201,-0.18461609
1453179486292,0.045318604,-0.1675415,-0.150177
1453179486313,0.07835388,-0.14640808,-0.13465881
1453179486336,0.1312561,-0.15351868,-0.11929321
1453179486357,0.14265442,-0.18373108,-0.10235596
1453179486375,0.11482239,-0.19773865,-0.11004639
1453179486395,0.065979004,-0.19989014,-0.15504456
1453179486416,0.08430481,-0.1928711,-0.22776794
1453179486435,0.11528015,-0.18106079,-0.20474243
1453179486456,0.095962524,-0.16667175,-0.13291931
1453179486476,0.055389404,-0.14894104,-0.10836792
1453179486497,0.0062561035,-0.1459961,-0.112350464
1453179486515,-0.0015411377,-0.15145874,-0.16680908
1453179486535,0.07765198,-0.17584229,-0.2212677
1453179486554,0.13537598,-0.19830322,-0.21434021
1453179486578,0.13291931,-0.21757507,-0.14916992
1453179486595,0.036758423,-0.1984253,-0.019882202
1453179486615,-0.026779175,-0.15899658,7.324219E-4
1453179486636,0.004837036,-0.13615417,-0.106933594
1453179486655,0.05278015,-0.14335632,-0.21609497
1453179486673,0.12882996,-0.17098999,-0.29037476
1453179486693,0.12513733,-0.18057251,-0.20892334
1453179486713,0.05731201,-0.14732361,-0.12947083
1453179486735,0.07939148,-0.13630676,-0.09170532
1453179486755,0.10998535,-0.16638184,-0.072052
1453179486773,0.14596558,-0.22265625,-0.17308044
1453179486794,0.1306305,-0.25030518,-0.17825317
1453179486813,0.060699463,-0.2359314,-0.09690857
1453179486834,0.033676147,-0.1880188,-0.12080383
1453179486853,0.008285522,-0.14608765,-0.14906311
1453179486876,0.0020599365,-0.13656616,-0.13188171
1453179486895,0.016967773,-0.16404724,-0.13722229
1453179486917,0.048202515,-0.18798828,-0.16114807
1453179486933,0.08131409,-0.20532227,-0.15237427
1453179486955,0.12498474,-0.20532227,-0.15715027
1453179486973,0.10166931,-0.15965271,-0.1513977
1453179487001,0.054901123,-0.13092041,-0.15142822
1453179487021,0.066589355,-0.15007019,-0.189682
1453179487034,0.06828308,-0.1857605,-0.20515442
1453179487053,0.09963989,-0.21443176,-0.23587036
1453179487076,0.09251404,-0.19532776,-0.15156555
1453179487096,0.040481567,-0.15325928,-0.028686523
1453179487118,0.057266235,-0.15901184,-0.037857056
1453179487137,0.067352295,-0.2006836,-0.09870911
1453179487161,0.061019897,-0.21984863,-0.16575623
1453179487177,0.058120728,-0.21505737,-0.18972778
1453179487196,0.041778564,-0.1719513,-0.17533875
1453179487217,0.024902344,-0.15512085,-0.15046692
1453179487236,0.042648315,-0.13700867,-0.11846924
1453179487256,0.042785645,-0.14433289,-0.09350586
1453179487274,0.07824707,-0.17210388,-0.14176941
1453179487293,0.089141846,-0.16825867,-0.1672821
1453179487315,0.080062866,-0.1695404,-0.12365723
1453179487337,0.07366943,-0.16925049,-0.107421875
1453179487357,0.079940796,-0.17189026,-0.12072754
1453179487376,0.13343811,-0.20007324,-0.1524353
1453179487396,0.12817383,-0.20126343,-0.14241028
1453179487416,0.097595215,-0.19494629,-0.14785767
1453179487435,0.07887268,-0.20301819,-0.15124512
1453179487454,0.06832886,-0.19824219,-0.15603638
1453179487477,0.083862305,-0.19519043,-0.179245
1453179487497,0.107803345,-0.18440247,-0.17297363
1453179487518,0.13290405,-0.18170166,-0.15493774
1453179487535,0.11582947,-0.22000122,-0.13098145
1453179487558,0.07522583,-0.25674438,-0.1268158
1453179487575,0.028137207,-0.2549286,-0.14468384
1453179487598,0.0059814453,-0.20240784,-0.16577148
1453179487616,0.035690308,-0.14302063,-0.15220642
1453179487637,0.04473877,-0.10949707,-0.11872864
1453179487654,0.051071167,-0.12561035,-0.14193726
1453179487676,0.085754395,-0.1748352,-0.16052246
1453179487695,0.11482239,-0.21005249,-0.1762085
1453179487721,0.12919617,-0.22303772,-0.18630981
1453179487739,0.09425354,-0.19535828,-0.13317871
1453179487755,0.06542969,-0.16545105,-0.10014343
1453179487776,0.08380127,-0.18322754,-0.09109497
1453179487795,0.12062073,-0.24954224,-0.007980347
1453179487817,0.26574707,-0.39123535,0.22471619
1453179487838,0.5739441,-0.6747589,0.64100647
1453179487857,0.79312134,-0.73117065,0.9481201
1453179487876,0.65000916,-0.43133545,0.62031555
1453179487894,0.3153534,-0.2945099,-0.05279541
1453179487915,-0.022079468,-0.34832764,-0.5456085
1453179487939,-0.15382385,-0.27618408,-0.9438629
1453179487957,-0.3066101,-0.14576721,-1.0772247
1453179487977,-0.42617798,-0.1104126,-0.51986694
1453179488004,-0.42059326,-0.11805725,0.11280823
1453179488014,-0.35290527,0.21122742,-0.08421326
1453179488039,-0.33361816,0.48216248,-0.46296692
1453179488057,-0.2538147,0.24105835,-0.47303772
1453179488076,-0.011703491,-0.08805847,-0.38945007
1453179488096,0.2671814,-0.27441406,-0.3242035
1453179488115,0.29141235,-0.30067444,-0.2086029
1453179488135,0.11294556,-0.22061157,-0.19284058
1453179488156,0.13571167,-0.10734558,-0.07800293
1453179488175,0.1671753,-0.02268982,0.30592346
1453179488201,0.25202942,-0.10853577,0.39405823
1453179488217,0.5138855,-0.32865906,0.021728516
1453179488242,0.7377472,-0.51950073,-0.16941833
1453179488254,0.6422119,-0.47976685,0.15985107
1453179488275,0.21443176,-0.24084473,0.515213
1453179488298,-0.072021484,-0.076171875,0.5722351
1453179488317,-0.09802246,-0.0662384,0.19364929
1453179488334,0.2353363,-0.057891846,-0.20413208
1453179488357,0.64367676,-0.12940979,0.073791504
1453179488376,0.7206116,-0.2638855,0.3184967
1453179488396,0.52264404,-0.515152,0.20573425
1453179488418,0.3611145,-0.5822754,-0.033966064
1453179488436,-0.29795837,-0.47885132,-0.7771301
1453179488456,-0.44485474,-0.4309845,-0.710907
1453179488475,-0.34080505,-0.4936676,-0.2446289
1453179488494,-0.1184082,-0.5615845,-0.19444275
1453179488516,-0.08668518,-0.19300842,-0.29960632
1453179488541,-0.24121094,0.022201538,-0.30801392
1453179488557,-0.5573883,0.3026123,-0.394516
1453179488576,-0.58569336,0.29995728,-0.48806763
1453179488597,-0.42871094,0.19177246,-0.54074097
1453179488617,-0.26313782,-0.002746582,-0.533432
1453179488638,-0.11190796,-0.16117859,-0.5700531
1453179488657,0.018417358,-0.22761536,-0.5892029
1453179488682,0.010971069,-0.28196716,-0.3438568
1453179488698,-0.0974884,-0.27609253,0.082351685
1453179488716,-0.0039520264,-0.22167969,0.2506256
1453179488737,0.2557373,-0.125,0.043441772
1453179488757,0.3564148,-0.05519104,-0.082901
1453179488777,0.24128723,-0.11369324,-0.0016174316
1453179488797,0.16809082,-0.21012878,0.014587402
1453179488816,0.20370483,-0.2315216,-0.089782715
1453179488843,0.2361145,-0.17391968,-0.15655518
1453179488855,0.12773132,-0.11149597,-0.05807495
1453179488880,-0.06535339,-0.15098572,0.047073364
1453179488895,-0.12573242,-0.18951416,-0.05899048
1453179488919,-0.0993042,-0.1404419,-0.21339417
1453179488938,-0.12495422,-0.111572266,-0.2735138
1453179488956,-0.19563293,-0.11720276,-0.396286
1453179488985,-0.20578003,-0.08918762,-0.55174255
1453179489001,-0.13143921,-0.047073364,-0.49876404
1453179489016,0.06686401,-0.16569519,-0.29710388
1453179489038,0.38923645,-0.28804016,-0.1434021
1453179489055,0.53196716,-0.22460938,0.07003784
1453179489076,0.3727417,-0.19129944,0.18920898
1453179489095,0.32086182,-0.22480774,0.050048828
1453179489116,0.3859253,-0.2776184,0.003112793
1453179489135,0.36935425,-0.29901123,0.07537842
1453179489158,0.2501068,-0.2372284,-0.0054626465
1453179489179,0.1685791,-0.1683197,-0.08204651
1453179489198,0.11328125,-0.15145874,-0.048812866
1453179489215,-0.0055999756,-0.052139282,-0.04385376
1453179489242,-0.09669495,0.038619995,-0.14675903
1453179489260,-0.05831909,0.0016784668,-0.26940918
1453179489280,0.05921936,-0.11691284,-0.31196594
1453179489302,0.12649536,-0.19894409,-0.2822113
1453179489322,0.123413086,-0.2775421,-0.1877594
1453179489340,0.08389282,-0.27841187,-0.16760254
1453179489356,0.019165039,-0.19294739,-0.21104431
1453179489377,0.0096588135,-0.10195923,-0.22026062
1453179489398,0.037643433,-0.14723206,-0.096832275
1453179489416,0.06758118,-0.22651672,-0.0023040771
1453179489443,0.13841248,-0.2291565,-0.060028076
1453179489459,0.14224243,-0.1661377,-0.11630249
1453179489482,0.11784363,-0.07862854,0.03567505
1453179489498,0.10888672,-0.12246704,0.2654724
1453179489520,0.12828064,-0.20605469,0.3046112
1453179489537,0.12939453,-0.1807251,0.0627594
1453179489561,0.12113953,-0.13468933,-0.19902039
1453179489576,0.10765076,-0.10795593,-0.26586914
1453179489603,0.044052124,-0.19599915,-0.2601776
1453179489620,0.035064697,-0.19520569,-0.2986908
1453179489639,-0.010192871,-0.056610107,-0.47210693
1453179489662,-0.03869629,-0.019195557,-0.4800415
1453179489680,-0.11369324,0.007446289,-0.32406616
1453179489696,-0.057006836,0.03338623,-0.2782135
1453179489717,0.016311646,-0.026779175,-0.25604248
1453179489736,0.029525757,-0.02748108,-0.23606873
1453179489762,0.017944336,-0.04560852,-0.2594452
1453179489781,0.13789368,0.0059814453,-0.30374146
1453179489800,0.2531128,-0.021057129,-0.10586548
1453179489816,0.38511658,-0.17652893,0.3153534
1453179489842,0.52867126,-0.37313843,0.49472046
1453179489860,0.44273376,-0.52560425,0.28378296
1453179489877,0.18353271,-0.4393463,0.011581421
1453179489896,0.021987915,-0.19554138,-0.2650299
1453179489921,-0.13667297,-0.04411316,-0.30099487
1453179489940,-0.22180176,-0.044067383,-0.27983093
1453179489961,-0.17199707,0.032409668,-0.5201721
1453179489982,-0.12870789,0.2467804,-0.7993622
1453179490003,-0.15327454,0.34422302,-0.8675232
1453179490016,-0.2250824,0.31533813,-0.72595215
1453179490038,-0.22135925,0.19126892,-0.5155487
1453179490058,-0.120285034,0.03741455,-0.21696472
1453179490078,0.023803711,-0.09603882,-0.012268066
1453179490097,0.15937805,-0.14479065,-0.064590454
1453179490117,0.2111969,-0.16148376,-0.101119995
1453179490138,0.21522522,-0.21537781,-0.08592224
1453179490159,0.2267456,-0.25048828,-0.16882324
1453179490179,0.22355652,-0.19247437,-0.2138977
1453179490203,0.16233826,-0.11340332,-0.19152832
1453179490223,0.098098755,-0.051757813,-0.25283813
1453179490242,0.0059051514,-0.0022888184,-0.30117798
1453179490261,-0.07420349,-0.0076446533,-0.24803162
1453179490279,-0.11099243,-0.06283569,-0.16746521
1453179490296,-0.13652039,-0.11639404,-0.045440674
1453179490317,-0.106918335,-0.14701843,-0.025253296
1453179490336,-0.047332764,-0.16775513,-0.1282959
1453179490364,7.171631E-4,-0.1357727,-0.22628784
1453179490382,0.0819397,-0.06010437,-0.23820496
1453179490404,0.12463379,-0.02078247,-0.14724731
1453179490422,0.073135376,-0.028030396,-0.10316467
1453179490440,0.014282227,-0.070617676,-0.1444397
1453179490460,0.039764404,-0.11878967,-0.2675171
1453179490479,0.12132263,-0.113204956,-0.44239807
1453179490497,0.10183716,-0.088638306,-0.48643494
1453179490523,-0.00579834,-0.07527161,-0.23925781
1453179490542,-0.053375244,-0.10018921,0.006515503
1453179490562,-0.020828247,-0.10725403,0.004196167
1453179490583,0.020355225,-0.053466797,-0.07621765
1453179490598,0.07394409,-0.058532715,-0.14572144
1453179490620,0.15220642,-0.142807,-0.3125
1453179490644,0.1828003,-0.20223999,-0.49024963
1453179490663,0.09536743,-0.1418457,-0.32356262
1453179490682,-0.081710815,-0.08404541,0.047958374
1453179490703,-0.06852722,-0.08459473,0.19084167
1453179490724,0.033218384,-0.049179077,0.07304382
1453179490740,0.052978516,-0.021408081,-0.052978516
1453179490759,0.055358887,-0.024673462,-0.073913574
1453179490779,0.076812744,-0.02456665,-0.082962036
1453179490800,0.08578491,-0.07522583,-0.18688965
1453179490823,0.06011963,-0.09484863,-0.24977112
1453179490841,0.11128235,-0.10572815,-0.48690796
1453179490858,0.1084137,-0.090530396,-0.5377655
1453179490878,-0.041000366,-0.01109314,-0.27145386
1453179490901,-0.046813965,0.002319336,-0.102264404
1453179490918,0.0012664795,-0.056854248,0.13442993
1453179490937,-0.0035552979,-0.067977905,0.14346313
1453179490958,0.0071868896,-0.0896759,-0.026992798
1453179490986,0.030227661,-0.13894653,-0.14465332
1453179490998,0.06439209,-0.18940735,-0.10858154
1453179491021,0.1421051,-0.2124939,0.0140686035
1453179491040,0.14141846,-0.16427612,0.07939148
1453179491059,0.07917786,-0.08673096,0.0036621094
1453179491078,0.040618896,-0.057403564,-0.08596802
1453179491098,0.022994995,-0.05229187,-0.15216064
1453179491124,0.03111267,-0.02885437,-0.2300415
1453179491144,0.03552246,-0.029571533,-0.26390076
1453179491165,0.0018005371,-0.040802002,-0.17164612
1453179491177,-0.028076172,-0.026565552,-0.061187744
1453179491198,-0.027236938,-0.052719116,0.0660553
1453179491217,0.0652771,-0.1652832,0.20671082
1453179491240,0.37391663,-0.26428223,0.27468872
1453179491259,0.5259094,-0.31263733,0.41511536
1453179491285,0.35139465,-0.35629272,0.2952423
1453179491299,0.21575928,-0.32244873,-0.15730286
1453179491318,0.048171997,-0.21131897,-0.34957886
1453179491339,-0.20690918,-0.13812256,-0.24476624
1453179491363,-0.29296875,0.021438599,-0.31176758
1453179491382,-0.2093811,0.17945862,-0.5441284
1453179491399,-0.19631958,0.23754883,-0.62905884
1453179491420,-0.19900513,0.19769287,-0.4598236
1453179491445,-0.11244202,0.09892273,-0.18727112
1453179491459,0.10884094,0.041381836,-0.070999146
1453179491485,0.40592957,-0.0027313232,-0.13743591
1453179491504,0.5406189,-0.1513977,-0.22225952
1453179491519,0.46632385,-0.25785828,-0.31304932
1453179491538,0.45793152,-0.17056274,-0.44319153
1453179491559,0.6045532,-0.06742859,-0.521698
1453179491584,0.59236145,-0.15428162,-0.45474243
1453179491604,0.28320313,-0.1818695,-0.36683655
1453179491624,-0.059783936,0.0039520264,-0.27326965
1453179491644,-0.24168396,0.05860901,-0.11453247
1453179491662,-0.33729553,-0.05570984,0.02532959
1453179491680,-0.2919922,-0.076797485,-0.08180237
1453179491699,0.011398315,0.009735107,-0.5118103
1453179491720,0.27816772,0.088974,-0.7449951
1453179491744,0.16192627,0.07080078,-0.53637695
1453179491759,-0.113967896,-0.02406311,-0.22657776
1453179491778,-0.16119385,-0.102264404,-0.2034607
1453179491799,-0.034606934,-0.123062134,-0.27148438
1453179491818,-0.1194458,-0.08227539,0.082962036
1453179491846,-0.45159912,-0.038269043,0.46014404
1453179491862,-0.5937805,-0.0020141602,0.3163452
1453179491884,-0.48667908,0.054611206,-0.06362915
1453179491904,-0.41921997,0.10821533,-0.34161377
1453179491919,-0.4462433,0.12194824,-0.43830872
1453179491938,-0.42468262,0.09190369,-0.3816223
1453179491959,-0.32736206,0.05126953,-0.2631073
1453179491978,-0.3421936,0.05857849,-0.2129364
1453179492009,-0.33944702,0.041748047,-0.10606384
1453179492026,-0.31114197,0.011642456,-0.117385864
1453179492040,0.18780518,-0.09295654,-0.19525146
1453179492059,0.31071472,-0.1285553,-0.1870575
1453179492080,0.25724792,-0.24253845,-0.063201904
1453179492098,0.118255615,-0.29760742,-0.016021729
1453179492119,0.03805542,-0.29006958,0.012710571
1453179492139,0.10658264,-0.16738892,-0.080963135
1453179492160,0.10371399,-0.13423157,-0.13031006
1453179492178,0.010284424,-0.21035767,-0.13085938
1453179492200,-0.015777588,-0.19662476,-0.1564331
1453179492221,-0.12133789,-0.11404419,-0.055252075
1453179492244,-0.37504578,-0.15544128,0.21746826
1453179492264,-0.4240265,-0.1454773,0.2028656
1453179492286,-0.12863159,0.09635925,-0.20715332
1453179492306,0.1334076,0.30822754,-0.5022888
1453179492319,0.18276978,0.12225342,-0.5297394
1453179492339,0.12702942,-0.14230347,-0.31588745
1453179492360,-0.06272888,-0.27560425,0.04888916
1453179492384,-0.22273254,-0.26104736,0.22273254
1453179492404,-0.09751892,-0.17585754,0.008132935
1453179492421,0.12362671,-0.01689148,-0.3486328
1453179492440,0.1330719,0.17840576,-0.47299194
1453179492459,-0.028121948,0.08024597,-0.3636322
1453179492481,-0.07398987,-0.09654236,-0.25605774
1453179492504,-0.0020751953,-0.10241699,-0.24772644
1453179492525,0.025024414,-0.02279663,-0.28096008
1453179492543,0.032424927,0.01612854,-0.36611938
1453179492560,0.05218506,-0.047927856,-0.42015076
1453179492579,0.013244629,-0.118270874,-0.2749939
1453179492600,-0.11621094,-0.1846466,-0.08081055
1453179492621,-0.18037415,-0.25460815,-0.04360962
1453179492647,-0.116500854,-0.15037537,-0.12641907
1453179492665,-0.05999756,-0.045806885,-0.11279297
1453179492684,-0.101867676,-0.11357117,-0.04598999
1453179492700,-0.09510803,-0.13224792,-0.061035156
1453179492720,0.054763794,0.028656006,-0.23657227
1453179492739,0.16340637,0.10134888,-0.45674133
1453179492760,0.10551453,0.025619507,-0.466568
1453179492779,0.08743286,-0.08407593,-0.3551941
1453179492800,0.11605835,-0.11679077,-0.24234009
1453179492819,0.11697388,-0.11758423,-0.14758301
1453179492847,0.11972046,-0.12243652,-0.13391113
1453179492859,0.06913757,-0.10429382,-0.122543335
1453179492880,0.007949829,-0.08847046,-0.13728333
1453179492899,0.058303833,-0.08596802,-0.24093628
1453179492920,0.16011047,-0.09022522,-0.3611145
1453179492945,0.17103577,-0.08425903,-0.33468628
1453179492965,0.06254578,-0.06448364,-0.17141724
1453179492985,-0.028167725,-0.0662384,-0.09529114
1453179493001,-0.040374756,-0.06375122,-0.07646179
1453179493021,-0.032485962,-0.06813049,-0.054504395
1453179493041,-0.037719727,-0.107788086,-0.004211426
1453179493060,-0.09428406,-0.12249756,-0.013839722
1453179493080,-0.11894226,-0.079071045,-0.13635254
1453179493099,-0.098724365,-0.029815674,-0.2199707
1453179493121,-0.08119202,-0.0036468506,-0.1952362
1453179493145,-0.08421326,-0.0015411377,-0.09628296
1453179493163,-0.051116943,-0.012634277,-0.0703125
1453179493183,-0.038650513,-0.03538513,-0.0725708
1453179493201,-0.026641846,-0.14964294,-0.04940796
1453179493220,-0.012359619,-0.16694641,-0.062942505
1453179493241,0.0597229,-0.116256714,-0.13349915
1453179493264,0.056884766,-0.09831238,-0.15167236
1453179493280,0.0041656494,-0.09249878,-0.15553284
1453179493299,0.0014801025,-0.07421875,-0.15904236
1453179493326,-0.042938232,-0.09043884,-0.17590332
1453179493348,-0.079696655,-0.11758423,-0.24076843
1453179493360,-0.13330078,-0.030975342,-0.26657104
1453179493379,-0.16671753,0.07862854,-0.20379639
1453179493401,-0.10054016,0.08609009,-0.15623474
1453179493420,0.0053710938,0.019592285,-0.07173157
1453179493441,0.019851685,-0.08999634,0.084869385
1453179493460,0.017822266,-0.19396973,0.08106995
1453179493483,0.012008667,-0.18597412,-0.089035034
1453179493504,-0.057525635,-0.10205078,-0.18865967
1453179493521,-0.10144043,-0.08180237,-0.2494049
1453179493540,-0.06954956,-0.057006836,-0.36309814
1453179493561,0.00642395,-0.0069732666,-0.44056702
1453179493580,0.014862061,0.047714233,-0.40419006
1453179493601,-0.03515625,0.024414063,-0.26306152
1453179493623,-0.051254272,-0.031188965,-0.18572998
1453179493641,-0.026672363,-0.07621765,-0.21781921
1453179493660,-0.027374268,-0.081726074,-0.25601196
1453179493681,-0.029541016,-0.091796875,-0.276474
1453179493700,0.015640259,-0.07086182,-0.3419342
1453179493725,0.024337769,0.0077056885,-0.4193573
1453179493745,-0.039733887,0.05621338,-0.42625427
1453179493764,-0.093063354,0.056243896,-0.35591125
1453179493787,-0.10858154,0.038742065,-0.29154968
1453179493801,-0.06285095,0.0398407,-0.25498962
1453179493820,-0.009140015,0.051757813,-0.27149963
1453179493842,0.054244995,0.008010864,-0.29109192
1453179493865,0.03845215,-0.07662964,-0.19346619
1453179493884,0.0124053955,-0.10908508,-0.16056824
1453179493908,0.07040405,-0.07536316,-0.27046204
1453179493927,0.09300232,-0.025482178,-0.39076233
1453179493940,0.017333984,0.008926392,-0.38754272
1453179493961,-0.08224487,0.0068359375,-0.31451416
1453179493980,-0.12281799,0.0035858154,-0.25689697
1453179494005,-0.105911255,0.04194641,-0.26861572
1453179494021,-0.065200806,0.092163086,-0.31983948
1453179494042,-0.07249451,0.1006012,-0.23454285
1453179494061,-0.08189392,0.046783447,-0.07180786
1453179494081,-0.014038086,-0.033065796,-0.03137207
1453179494100,0.12168884,-0.07086182,-0.16560364
1453179494122,0.18807983,-0.080718994,-0.33807373
1453179494141,0.09059143,-0.1356659,-0.26693726
1453179494164,-0.017196655,-0.19233704,-0.09629822
1453179494182,-0.036254883,-0.17353821,-0.0070648193
1453179494207,-0.087402344,-0.10777283,0.028442383
1453179494220,-0.09841919,-0.08859253,-0.05722046
1453179494242,-0.09346008,-0.074401855,-0.1346283
1453179494261,-0.091552734,-0.0549469,-0.17163086
1453179494285,-0.0644989,-0.083465576,-0.23902893
1453179494301,-0.05064392,-0.110565186,-0.3554077
1453179494326,-0.0137786865,-0.074539185,-0.47618103
1453179494344,0.03314209,-0.02178955,-0.47026062
1453179494366,0.02897644,0.004501343,-0.2543335
1453179494381,-0.01689148,0.003768921,-0.13955688
1453179494402,-0.11953735,-0.026489258,-0.0821228
1453179494421,-0.1282196,-0.08200073,-0.12864685
1453179494447,-0.080337524,-0.11506653,-0.18104553
1453179494465,-0.13743591,-0.15757751,-0.14744568
1453179494485,-0.12159729,-0.15249634,-0.1298523
1453179494506,-0.07046509,-0.16763306,-0.1816864
1453179494528,0.07722473,-0.16467285,-0.35664368
1453179494547,0.101638794,-0.114212036,-0.38749695
1453179494566,0.0029754639,-0.13658142,-0.181427
1453179494584,0.021499634,-0.20420837,0.06980896
1453179494602,0.12892151,-0.20214844,0.18945313
1453179494627,0.15170288,-0.13009644,0.041809082
1453179494642,0.08656311,-0.10623169,-0.26293945
1453179494661,3.3569336E-4,-0.15234375,-0.44984436
1453179494682,-0.12110901,-0.17553711,-0.39930725
1453179494708,-0.1611023,-0.11456299,-0.22332764
1453179494725,-0.11444092,8.8500977E-4,-0.1331482
1453179494746,-0.13887024,0.022613525,-0.15240479
1453179494766,-0.034225464,-0.04774475,-0.37216187
1453179494787,0.17782593,-0.0967865,-0.6886902
1453179494805,0.094573975,-0.043884277,-0.4003296
1453179494821,-0.13977051,-0.021469116,0.21102905
1453179494845,-0.0025939941,-0.11419678,0.38890076
1453179494863,0.21948242,-0.15673828,0.2116394
1453179494884,0.18572998,-0.16107178,0.053344727
1453179494902,-0.010940552,-0.17349243,0.059890747
1453179494929,-0.05480957,-0.15138245,-0.026947021
1453179494944,0.008285522,-0.07829285,-0.21366882
1453179494963,-0.007858276,0.010696411,-0.33024597
1453179494984,-0.08744812,0.09176636,-0.28799438
1453179495003,-0.17816162,0.09120178,-0.12774658
1453179495024,-0.14971924,0.028915405,0.018005371
1453179495043,-0.035842896,-0.06448364,0.17507935
1453179495064,0.03213501,-0.20689392,0.47206116
1453179495084,0.008300781,-0.3716278,0.64585876
1453179495102,0.049926758,-0.35224915,0.37243652
1453179495129,0.18283081,-0.07460022,-0.062149048
1453179495147,0.19006348,0.10700989,-0.059127808
1453179495163,-0.06724548,-0.03326416,0.4394226
1453179495186,-0.29649353,-0.285141,0.54003906
1453179495207,-0.13401794,-0.28614807,-0.22459412
1453179495226,0.11898804,0.013595581,-0.9490814
1453179495243,0.04335022,0.1427002,-0.94273376
1453179495262,-0.10847473,0.045318604,-0.50361633
1453179495283,-0.0566864,-0.010955811,0.01574707
1453179495303,-0.14222717,-0.017211914,0.42007446
1453179495324,-0.29229736,-0.085739136,0.445755
1453179495345,-0.17475891,-0.08770752,-0.019714355
1453179495366,0.030456543,-0.042526245,-0.3279724
1453179495387,-0.019973755,-0.017486572,-0.13104248
1453179495405,-0.20904541,0.010284424,-0.0816803
1453179495425,-0.25753784,-0.045211792,-0.42642212
1453179495445,-0.1613617,-0.1461792,-0.6893158
1453179495463,-0.07185364,-0.1869812,-0.67237854
1453179495486,0.009002686,-0.19767761,-0.6699066
1453179495507,0.060958862,-0.12649536,-0.8251343
1453179495527,0.02809143,-0.05114746,-0.823822
1453179495546,-0.0398407,-0.004562378,-0.61369324
1453179495567,0.031677246,0.055526733,-0.46051025
1453179495587,0.098602295,0.084365845,-0.3818817
1453179495609,0.24835205,-0.015945435,-0.11946106
1453179495625,0.3000946,-0.08808899,-0.08659363
1453179495645,0.34165955,-0.29385376,-0.16027832
1453179495663,0.3668518,-0.28642273,-0.22514343
1453179495686,0.33166504,-0.18937683,-0.3591919
1453179495706,0.37799072,-0.15625,-0.34657288
1453179495723,0.49409485,-0.099975586,-0.30482483
1453179495742,0.66078186,-0.016296387,-0.37153625
1453179495763,0.50401306,0.005432129,-0.26672363
1453179495785,0.126297,-0.09677124,0.10229492
1453179495806,0.010894775,-0.24154663,0.32669067
1453179495829,0.1404419,-0.2574463,0.29458618
1453179495847,0.12385559,-0.14474487,0.32852173
1453179495862,-0.016784668,0.012542725,0.27571106
1453179495883,0.020507813,0.09623718,0.0021209717
1453179495903,0.0642395,0.03353882,-0.120285034
1453179495923,-0.23135376,-0.11891174,-0.19013977
1453179495949,-0.6054077,-0.12826538,-0.4127655
1453179495969,-0.5211029,0.09864807,-0.53367615
1453179496000,-0.096328735,0.049423218,-0.3748169
1453179496015,-0.05291748,-0.18077087,-0.028533936
1453179496035,-0.28666687,-0.2673645,-0.0048065186
1453179496044,-0.2137146,-0.18878174,-0.25144958
1453179496063,-0.10618591,-0.09454346,-0.30274963
1453179496084,-0.2779541,-0.05531311,-0.3171234
1453179496105,-0.55184937,0.06455994,-0.42959595
1453179496126,-0.6790924,0.13192749,-0.47454834
1453179496149,-0.63020325,0.08003235,-0.39474487
1453179496164,-0.43637085,0.09182739,-0.3092041
1453179496187,-0.14353943,0.29205322,-0.3005371
1453179496206,0.09881592,0.4025879,-0.034317017
1453179496228,0.33210754,0.080337524,0.3475952
1453179496245,0.53082275,-0.63046265,0.37983704
1453179496263,0.40826416,-1.1788177,0.29310608
1453179496284,0.08192444,-1.1061554,0.42007446
1453179496304,-0.11616516,-0.6308441,0.28274536
1453179496324,-0.12698364,-0.020767212,-0.37690735
1453179496344,-0.23532104,0.4604187,-0.89912415
1453179496367,-0.40922546,0.4648285,-0.90830994
1453179496386,-0.48835754,0.26757813,-0.7430115
1453179496404,-0.41261292,0.36813354,-0.8330231
1453179496424,-0.29286194,0.621521,-0.9564514
1453179496446,-0.25704956,0.56669617,-0.8804474
1453179496463,-0.12182617,0.13412476,-0.78330994
1453179496484,-0.03857422,-0.17518616,-0.5404358
1453179496503,-0.11904907,-0.24093628,-0.18460083
1453179496524,-0.2206726,-0.12641907,-0.048812866
1453179496543,-0.29067993,-0.011260986,-0.0036773682
1453179496566,-0.16603088,-0.17637634,-0.0036621094
1453179496583,-0.041809082,-0.45663452,-0.02017212
1453179496607,-0.13470459,-0.6092224,0.050338745
1453179496625,-0.26989746,-0.49217224,0.35383606
1453179496645,-0.18756104,-0.18154907,0.5169983
1453179496667,0.15744019,0.025558472,0.33337402
1453179496687,0.39570618,-0.0022735596,0.24674988
1453179496705,0.46417236,-0.3809204,0.28819275
1453179496727,0.38427734,-0.6429596,0.33729553
1453179496750,0.22322083,-0.57806396,0.36502075
1453179496765,0.05795288,-0.3524475,0.31123352
1453179496784,0.028305054,-0.42510986,0.063812256
1453179496804,0.13737488,-0.40145874,-0.62861633
1453179496823,0.1317749,-0.15390015,-0.7364502
1453179496845,0.24494934,0.3070984,-0.4554901
1453179496866,0.23599243,0.24798584,-0.283432
1453179496884,0.28492737,0.14782715,-0.2644348
1453179496906,0.3436432,0.13937378,-0.37612915
1453179496925,0.36532593,-0.02519226,-0.50387573
1453179496944,0.21585083,-0.3260498,-0.46202087
1453179496965,0.12710571,-0.3304901,-0.548172
1453179496984,0.21133423,-0.008514404,-0.7556915
1453179497005,0.2558136,0.21958923,-0.8559723
1453179497024,0.24443054,0.3083954,-0.83724976
1453179497047,0.14659119,0.27593994,-0.5027771
1453179497065,-0.018966675,-0.013793945,-7.6293945E-4
1453179497087,-0.18026733,-0.43408203,0.427536
1453179497107,-0.19265747,-0.6885834,0.55358887
1453179497128,0.0912323,-0.63552856,0.22779846
1453179497144,0.45065308,-0.32574463,-0.19166565
1453179497165,0.45703125,-0.17773438,-0.20985413
1453179497184,0.025741577,-0.26428223,0.14024353
1453179497205,-0.3884735,-0.2977295,0.33743286
1453179497224,-0.42915344,-0.14126587,0.13674927
1453179497245,-0.19706726,0.09434509,-0.17938232
1453179497264,-0.010437012,0.17782593,-0.25386047
1453179497289,0.0039978027,0.08097839,-0.2606659
1453179497307,0.04069519,0.023330688,-0.4605255
1453179497329,0.14468384,0.044326782,-0.6929016
1453179497344,0.1494751,-0.10670471,-0.73880005
1453179497365,0.11769104,-0.32035828,-0.65805054
1453179497387,0.31420898,-0.30619812,-0.8190155
1453179497409,0.69000244,-0.15615845,-1.1884766
1453179497428,0.855072,-0.121536255,-1.3336945
1453179497452,0.7155609,-0.25634766,-1.4254608
1453179497467,0.4837799,-0.26078796,-1.7491608
1453179497491,-0.09326172,0.02305603,-1.1807098
1453179497506,-1.0891266,0.26914978,0.74172974
1453179497528,-1.7100525,0.30975342,2.3244781
1453179497545,-1.3512421,0.37625122,2.4888916
1453179497571,-0.57977295,0.43566895,1.6430817
1453179497587,-0.068237305,0.24293518,0.7006378
1453179497608,0.044662476,-0.16642761,0.19039917
1453179497626,0.06266785,-0.50505066,-0.20976257
1453179497648,0.20207214,-0.5695648,-0.60147095
1453179497667,0.31752014,-0.39642334,-0.60624695
1453179497690,0.19696045,-0.26867676,-0.029846191
1453179497708,-0.09112549,-0.2715454,0.7540741
1453179497732,-0.15150452,-0.32983398,1.0717468
1453179497749,0.06690979,-0.28302002,0.623291
1453179497770,0.20013428,-0.088897705,-0.11125183
1453179497787,0.15518188,0.026855469,-0.20126343
1453179497809,0.16152954,-0.040267944,0.12243652
1453179497825,0.2884369,-0.112472534,0.07798767
1453179497846,0.25942993,-0.23101807,-0.09111023
1453179497865,-0.21705627,-0.5281067,-0.0393219
1453179497886,-0.80044556,-0.67419434,0.44424438
1453179497911,-0.85072327,-0.41348267,1.009018
1453179497927,-0.6791382,0.11166382,0.8755646
1453179497951,-0.61198425,0.38136292,0.60398865
1453179497966,-0.35588074,0.43423462,-0.08628845
1453179497985,-0.16520691,0.08413696,-0.08451843
1453179498006,-0.40776062,-0.4148407,0.060440063
1453179498025,-0.60198975,-0.21299744,0.01008606
1453179498047,-0.3834381,0.44578552,0.08502197
1453179498066,-0.11282349,0.40264893,0.22491455
1453179498088,0.5599518,-0.25630188,0.0602417
1453179498106,0.6318054,-0.42819214,-0.18408203
1453179498126,0.51594543,-0.4290161,-0.68162537
1453179498145,0.2833557,-0.16189575,-0.8332977
1453179498166,0.31417847,-0.003250122,-0.34558105
1453179498186,0.4802704,-0.16236877,0.31974792
1453179498206,0.2878418,-0.2901001,0.4928894
1453179498232,-0.23878479,-0.3053894,0.18521118
1453179498257,-0.4086914,-0.49739075,-0.35079956
1453179498265,-0.020721436,-0.6841583,-0.88119507
1453179498286,0.3879242,-0.5832672,-1.147934
1453179498305,0.45663452,-0.37005615,-1.2473755
1453179498326,0.28427124,-0.14697266,-1.4594269
1453179498345,0.1025238,-0.1210022,-1.5891266
1453179498366,0.27357483,-0.48068237,-1.273819
1453179498385,0.8343353,-0.89611816,-0.67326355
1453179498406,0.9572449,-0.9506531,-0.119888306
1453179498425,0.053253174,-0.49020386,0.09474182
1453179498446,-0.895401,0.056152344,-0.11552429
1453179498465,-0.8170929,0.18772888,-0.40092468
1453179498486,-0.20524597,0.03050232,-0.46958923
1453179498505,0.0063476563,0.008926392,-0.46427917
1453179498526,-0.21731567,0.1690979,-0.52989197
1453179498545,-0.37236023,0.16622925,-0.5543976
1453179498566,-0.26412964,-0.036392212,-0.4558258
1453179498585,-0.15194702,-0.10865784,-0.41653442
1453179498606,-0.13647461,0.0022125244,-0.41944885
1453179498625,-0.14883423,0.11326599,-0.38572693
1453179498647,-0.1296997,0.19494629,-0.5683594
1453179498665,-0.06866455,0.17912292,-0.9105377
1453179498686,-0.04685974,0.026367188,-0.8932495
1453179498706,-0.056289673,-0.12193298,-0.40016174
1453179498726,-0.05596924,-0.1949768,0.060317993
1453179498746,-0.092300415,-0.14555359,0.099472046
1453179498767,-0.11502075,-0.040725708,-0.19361877
1453179498786,-0.0013427734,0.007080078,-0.43299866
1453179498807,0.27293396,0.07254028,-0.28285217
1453179498826,0.4179077,0.0655365,0.15249634
1453179498847,0.18412781,-0.13475037,0.424469
1453179498865,-0.18174744,-0.41122437,0.3213501
1453179498887,-0.24798584,-0.531723,0.051742554
1453179498906,-0.0748291,-0.43737793,-0.13536072
1453179498927,0.0065612793,-0.29681396,-0.2303009
1453179498946,-0.04777527,-0.20362854,-0.32112122
1453179498967,-0.03315735,-0.09414673,-0.4092865
1453179498986,0.04573059,-0.08656311,-0.37905884
1453179499016,-0.038024902,-0.18595886,-0.24998474
1453179499036,-0.13653564,-0.2019043,-0.06576538
1453179499047,-0.0332489,-0.18045044,0.087509155
1453179499067,0.18917847,-0.19700623,0.09024048
1453179499088,0.36418152,-0.16815186,-0.07022095
1453179499107,0.2925415,-0.104660034,-0.26861572
1453179499127,-0.042160034,-0.045272827,-0.31669617
1453179499146,-0.21644592,0.002090454,-0.29960632
1453179499172,-0.28118896,-0.08616638,-0.27072144
1453179499192,-0.17552185,-0.11439514,-0.26239014
1453179499210,0.08805847,-0.2969818,-1.2207031E-4
1453179499232,0.08610535,-0.2581787,0.083618164
1453179499251,0.07104492,-0.033325195,0.20318604
1453179499272,0.08229065,0.0095825195,0.23420715
1453179499288,0.11842346,-0.11564636,0.4362793
1453179499306,0.1829071,-0.15893555,0.49269104
1453179499327,0.33901978,-0.21087646,0.5623932
1453179499346,0.38035583,-0.21676636,0.55532837
1453179499371,0.29585266,-0.24560547,0.46061707
1453179499390,0.21777344,-0.2745819,0.27941895
1453179499414,0.31085205,-0.31866455,0.11679077
1453179499433,0.4141388,-0.3299408,-0.0065612793
1453179499451,0.30497742,-0.26489258,-0.16009521
1453179499467,0.15235901,-0.2232666,-0.32832336
1453179499489,0.10525513,-0.24884033,-0.50175476
1453179499514,0.0657959,-0.25222778,-0.63871765
1453179499533,-0.057373047,-0.21141052,-0.6334839
1453179499550,-0.17141724,-0.1721344,-0.48365784
1453179499573,-0.2654724,-0.15307617,-0.30213928
1453179499593,-0.33512878,-0.12365723,-0.18778992
1453179499613,-0.3744812,-0.03767395,-0.11401367
1453179499632,-0.43963623,0.07928467,-0.05709839
1453179499650,-0.45429993,0.1412201,-0.061950684
1453179499670,-0.3648529,0.14852905,-0.13417053
1453179499691,-0.26390076,0.15768433,-0.18556213
1453179499713,-0.18930054,0.11972046,-0.26135254
1453179499733,-0.1605072,0.03929138,-0.3604126
1453179499747,-0.14956665,-0.089767456,-0.33651733
1453179499771,-0.06956482,-0.20401001,-0.33673096
1453179499789,0.10986328,-0.17834473,-0.4319458
1453179499810,0.38031006,-0.15190125,-0.40437317
1453179499827,0.60736084,-0.22904968,-0.21438599
1453179499851,0.59332275,-0.26724243,-0.15626526
1453179499870,0.3037262,-0.22550964,-0.26272583
1453179499893,-0.086364746,-0.10531616,-0.3551178
1453179499907,-0.2684021,-0.0063323975,-0.34640503
1453179499928,-0.24284363,-0.0020599365,-0.17536926
1453179499947,-0.25578308,-0.072052,0.09411621
1453179499968,-0.33976746,-0.10202026,0.26411438
1453179499998,-0.43917847,-0.06504822,0.27729797
1453179500008,-0.53671265,0.010986328,0.14120483
1453179500033,-0.73143005,0.17022705,-0.09751892
1453179500049,-0.95648193,0.2294159,-0.20655823
1453179500069,-0.6420593,-0.028961182,-0.16696167
1453179500090,0.09791565,-0.2749939,-0.19230652
1453179500109,0.6062317,-0.23902893,-0.3785553
1453179500129,0.5365143,-0.120513916,-0.5804596
1453179500147,0.22444153,-0.03742981,-0.6584778
1453179500173,0.06411743,0.04058838,-0.6170044
1453179500194,0.14828491,0.028778076,-0.38615417
1453179500211,0.4125061,-0.17422485,-0.033996582
1453179500231,0.65005493,-0.37049866,0.12425232
1453179500250,0.7322693,-0.42886353,-0.039749146
1453179500269,0.6947632,-0.4274292,-0.27563477
1453179500290,0.602478,-0.4644928,-0.34046936
1453179500310,0.5059509,-0.5464783,-0.22566223
1453179500335,0.4131012,-0.5542908,-0.097213745
1453179500348,0.3573761,-0.5296631,-0.054031372
1453179500371,0.089645386,-0.36869812,-0.13452148
1453179500389,0.029800415,-0.28819275,-0.21923828
1453179500410,-0.17851257,0.05671692,-0.25265503
1453179500429,-0.1796112,0.1322174,-0.13439941
1453179500449,0.17041016,0.12997437,0.19511414
1453179500470,0.31578064,0.12071228,0.20469666
1453179500490,0.40568542,0.09921265,0.012710571
1453179500508,0.4194641,0.0690918,-0.075286865
1453179500529,0.26184082,-0.044830322,-0.17210388
1453179500548,-0.07987976,-0.16217041,-0.02545166
1453179500569,-0.1403656,-0.22776794,0.08476257
1453179500593,0.10551453,-0.19483948,-0.012542725
1453179500614,0.10379028,-0.1646576,0.03387451
1453179500634,-0.022277832,-0.29922485,0.24006653
1453179500651,0.057159424,-0.4560089,0.271286
1453179500672,0.14524841,-0.4590912,0.09500122
1453179500694,-0.041000366,-0.36842346,-0.06713867
1453179500713,-0.21278381,-0.25750732,-0.1782074
1453179500734,-0.14299011,-0.17364502,-0.28179932
1453179500750,-0.124435425,-0.13394165,-0.37901306
1453179500774,-0.34094238,0.009490967,-0.45491028
1453179500793,-0.6943512,0.22325134,-0.48321533
1453179500815,-0.96655273,0.41227722,-0.4734497
1453179500831,-1.080246,0.368927,-0.5644989
1453179500852,-1.0625916,-0.07487488,-0.84062195
1453179500871,-0.20339966,-0.153656,-0.79499817
1453179500891,0.43310547,0.04751587,-0.350708
1453179500908,0.14794922,0.10519409,-0.026626587
1453179500935,-0.1980133,0.01184082,0.06915283
1453179500949,-0.16241455,-0.16642761,-0.0069732666
1453179500969,-0.2021637,-0.16990662,-0.04043579
1453179500992,-0.6172333,-0.008453369,0.082229614
1453179501016,-1.1249847,0.0119018555,-0.021499634
1453179501028,-1.414505,-0.123031616,-0.40133667
1453179501050,-0.9854126,-0.08595276,-0.4099884
1453179501070,0.087402344,0.028411865,0.14952087
1453179501091,0.5569,0.018844604,0.627655
1453179501110,0.22424316,-0.03251648,0.54545593
1453179501129,-0.15641785,-0.010299683,0.010879517
1453179501148,-0.16029358,0.14498901,-0.3700409
1453179501169,0.20077515,0.11961365,-0.3361206
1453179501188,0.5978241,-0.21618652,-0.30130005
1453179501209,0.63386536,-0.4028015,-0.50616455
1453179501235,0.27163696,-0.1842804,-0.6115265
1453179501251,0.007736206,0.0471344,-0.30596924
1453179501273,0.18995667,-0.09617615,0.1459198
1453179501289,0.40496826,-0.29084778,0.33621216
1453179501311,0.32904053,-0.24859619,0.36424255
1453179501334,0.24290466,-0.087768555,0.43200684
1453179501352,0.31066895,-0.0065612793,0.53822327
1453179501376,0.40893555,-0.015991211,0.41738892
1453179501394,0.36819458,-0.04849243,0.0413208
1453179501414,0.07585144,0.04170227,-0.116989136
1453179501431,-0.10404968,0.17732239,0.20932007
1453179501451,0.025177002,0.10342407,0.67889404
1453179501471,0.21896362,-0.19291687,0.7919922
1453179501491,0.26885986,-0.47091675,0.49876404
1453179501509,0.15760803,-0.5310974,0.10336304
1453179501536,-0.026672363,-0.42253113,-0.07421875
1453179501548,-0.10606384,-0.40100098,-0.04168701
1453179501575,0.023208618,-0.511322,0.27722168
1453179501595,0.06707764,-0.5378723,0.29844666
1453179501611,0.13569641,-0.38237,-0.22329712
1453179501629,0.02458191,-0.34458923,-0.49508667
1453179501651,-0.37347412,-0.11703491,-0.8760681
1453179501674,-0.46394348,-0.04121399,-0.8022766
1453179501694,-0.32347107,-0.0074310303,-0.6303711
1453179501713,-0.043029785,-0.10220337,-0.7084503
1453179501731,0.11557007,-0.114089966,-1.0081177
1453179501749,0.1940918,-0.039489746,-1.3092041
1453179501770,0.07223511,0.005218506,-1.4815063
1453179501789,-0.19041443,0.023925781,-1.5685883
1453179501810,-0.3303833,0.016601563,-1.5853424
1453179501829,-0.2445221,-0.074539185,-1.5276947
1453179501851,-0.051574707,-0.18537903,-1.3767548
1453179501869,0.059829712,-0.22647095,-1.1436768
1453179501895,0.010879517,-0.22450256,-0.8920746
1453179501913,0.05142212,-0.21829224,-0.5908203
1453179501933,0.35772705,-0.24371338,-0.14370728
1453179501949,0.5176544,-0.18696594,0.35620117
1453179501970,0.28286743,-0.10992432,0.61279297
1453179502000,-0.020217896,-0.13705444,0.40914917
1453179502016,-0.1368103,-0.12979126,-0.07662964
1453179502035,-0.2064209,-0.060043335,-0.35655212
1453179502051,-0.16371155,0.001083374,-0.2052002
1453179502071,0.04612732,-0.0010070801,0.13868713
1453179502092,0.053268433,-0.064086914,0.17892456
1453179502109,-0.21002197,-0.062454224,-0.22949219
1453179502136,-0.40977478,0.04736328,-0.632782
1453179502149,-0.44169617,0.14814758,-0.609375
1453179502170,-0.33483887,0.13143921,-0.36195374
1453179502189,-0.07745361,0.033416748,-0.20301819
1453179502212,-0.014419556,0.0121154785,-0.12249756
1453179502233,-0.23771667,0.07136536,-0.13809204
1453179502251,-0.30055237,0.10070801,-0.16989136
1453179502269,-0.0978241,0.08665466,-0.05886841
1453179502292,-0.01423645,0.050598145,0.010757446
1453179502314,-0.14245605,0.0071868896,-0.13534546
1453179502333,-0.21253967,-0.058273315,-0.29478455
1453179502349,-0.06401062,-0.08862305,-0.24604797
1453179502371,0.15112305,-0.14233398,-0.07194519
1453179502390,0.22879028,-0.17391968,-0.021240234
1453179502411,0.107177734,-0.1595459,-0.104019165
1453179502430,-0.06652832,-0.14692688,-0.2889099
1453179502454,-0.10467529,-0.15145874,-0.44047546
1453179502470,0.017852783,-0.17131042,-0.38664246
1453179502491,0.20237732,-0.19171143,-0.25112915
1453179502510,0.19084167,-0.23661804,-0.2917328
1453179502531,0.04058838,-0.25674438,-0.3536377
1453179502550,0.024490356,-0.22998047,-0.09764099
1453179502575,0.08583069,-0.21772766,0.3607788
1453179502595,-0.16555786,-0.08531189,0.8211365
1453179502615,-0.46566772,0.20085144,1.1418152
1453179502634,-0.40057373,0.356781,1.244751
1453179502651,-0.1558075,0.3058777,1.1991272
1453179502670,-0.017654419,0.15473938,1.072998
1453179502691,-0.019744873,0.01878357,0.83747864
1453179502710,-0.07510376,-0.09385681,0.47824097
1453179502735,-0.075653076,-0.21206665,0.096847534
1453179502751,-0.08061218,-0.24201965,-0.05809021
1453179502771,-0.17733765,-0.2103424,-0.2140503
1453179502790,-0.22203064,-0.21992493,-0.17601013
1453179502811,-0.18623352,-0.22984314,-0.08900452
1453179502830,-0.16223145,-0.24284363,-0.11274719
1453179502855,0.043884277,-0.26245117,-0.3234558
1453179502877,0.111465454,-0.30464172,-0.37800598
1453179502896,-0.024414063,-0.2515564,-0.36280823
1453179502915,-0.15655518,-0.21839905,-0.2437439
1453179502931,-0.17202759,-0.15826416,0.031051636
1453179502950,0.118499756,-0.18962097,0.1582489
1453179502971,0.31452942,-0.20419312,0.09056091
1453179502990,0.13748169,-0.121154785,-0.11480713
1453179503015,-0.13658142,0.016448975,-0.40509033
1453179503030,-0.17843628,0.012023926,-0.59062195
1453179503052,-0.15739441,-0.115615845,-0.54119873
1453179503071,-0.1767273,-0.14855957,-0.43547058
1453179503091,-0.10702515,-0.04460144,-0.39837646
1453179503112,-0.1177063,0.022994995,-0.26127625
1453179503134,-0.2368927,-0.12387085,-0.16825867
1453179503152,-0.08149719,-0.42674255,-0.256485
1453179503172,0.2472992,-0.5560608,-0.34429932
1453179503190,0.305542,-0.3310852,-0.4338684
1453179503211,0.18736267,-0.023620605,-0.5596466
1453179503230,-0.004272461,0.04966736,-0.54875183
1453179503252,-0.15228271,-0.06454468,-0.50154114
1453179503275,-0.05079651,-0.15600586,-0.4934082
1453179503295,-0.07272339,-0.091659546,-0.28814697
1453179503312,-0.20158386,-0.008956909,-0.04475403
1453179503338,-0.02758789,-0.10067749,-0.03404236
1453179503351,0.22499084,-0.2614441,-0.16159058
1453179503372,0.20341492,-0.21829224,-0.25308228
1453179503391,0.03942871,-0.08602905,-0.23812866
1453179503414,-0.012802124,-0.08154297,-0.10998535
1453179503431,0.019134521,-0.0851593,0.04005432
1453179503454,0.059066772,-0.08798218,0.09698486
1453179503471,0.14125061,-0.13305664,0.030883789
1453179503492,0.12644958,-0.08995056,-0.11857605
1453179503511,0.0013122559,0.04573059,-0.38885498
1453179503531,-0.11477661,0.093948364,-0.7376404
1453179503555,-0.14378357,0.051116943,-1.0618286
1453179503575,-0.097976685,0.0345459,-1.2559357
1453179503597,-0.07046509,0.04196167,-1.2910614
1453179503618,-0.105911255,0.034194946,-1.2766724
1453179503635,-0.17753601,-0.014007568,-1.1742249
1453179503654,-0.2505188,-0.10168457,-0.87812805
1453179503674,-0.18435669,-0.16316223,-0.39387512
1453179503692,0.025726318,-0.14595032,0.082229614
1453179503711,0.19772339,-0.118927,0.2668152
1453179503732,0.20143127,-0.09565735,0.12820435
1453179503751,0.10168457,-0.12194824,0.009674072
1453179503772,0.005218506,-0.1720581,0.07672119
1453179503791,-0.022094727,-0.1893158,0.16314697
1453179503812,0.037200928,-0.17727661,0.1315155
1453179503834,0.08918762,-0.16009521,-0.012039185
1453179503856,0.040161133,-0.11407471,-0.09991455
1453179503872,-0.030929565,-0.030212402,-0.04675293
1453179503895,-0.08932495,0.016906738,-0.0077819824
1453179503911,-0.116104126,-0.013031006,-0.06686401
1453179503932,-0.059951782,-0.06460571,-0.119262695
1453179503951,-0.035736084,-0.07107544,-0.13496399
1453179503975,-0.006591797,-0.077941895,-0.19610596
1453179503998,-0.027069092,-0.052505493,-0.228302
1453179504012,-0.04789734,-0.009490967,-0.3571167
1453179504034,-0.013534546,-0.020095825,-0.3632965
1453179504053,0.03718567,-0.09132385,-0.26785278
1453179504071,0.059906006,-0.09513855,-0.2507019
1453179504093,0.04649353,-0.078048706,-0.24343872
1453179504111,-0.020599365,-0.030059814,-0.2886505
1453179504137,-0.021697998,-0.01461792,-0.3559723
1453179504155,0.05128479,-0.060791016,-0.36157227
1453179504172,0.12271118,-0.12234497,-0.30162048
1453179504191,0.10940552,-0.17269897,-0.2353363
1453179504212,0.03916931,-0.20477295,-0.19963074
1453179504231,-0.007019043,-0.22050476,-0.16452026
1453179504255,-0.0028533936,-0.15736389,-0.14349365
1453179504278,-0.03555298,-0.10456848,-0.10696411
1453179504292,-0.09428406,-0.09779358,0.04045105
1453179504312,-0.038513184,-0.09017944,0.21723938
1453179504334,0.075668335,-0.08866882,0.285141
1453179504351,0.07775879,-0.07460022,0.2323761
1453179504373,0.0029907227,-0.053024292,0.12757874
1453179504392,-0.05859375,-0.020950317,0.052612305
1453179504415,-0.08441162,-0.0084991455,0.009231567
1453179504438,-0.10986328,0.013122559,-0.025482178
1453179504459,-0.1689148,0.0074157715,-0.042282104
1453179504476,-0.20152283,-0.05897522,-0.122283936
1453179504497,-0.11302185,-0.11807251,-0.26446533
1453179504515,0.045562744,-0.17286682,-0.39091492
1453179504539,0.105026245,-0.18106079,-0.36793518
1453179504556,-0.012374878,-0.16864014,-0.04812622
1453179504574,-0.15415955,-0.23422241,0.23266602
1453179504592,-0.09938049,-0.26875305,0.08097839
1453179504615,0.12510681,-0.20443726,-0.15693665
1453179504637,0.19708252,-0.1913147,-0.05984497
1453179504655,0.06187439,-0.2138977,0.017471313
1453179504675,-0.06340027,-0.049621582,-0.3967743
1453179504695,-0.057617188,0.0874939,-0.4792633
1453179504712,-0.06436157,0.0743866,-0.011581421
1453179504752,-0.08935547,0.040603638,0.40542603
1453179504753,0.09187317,-0.090164185,0.60598755
1453179504780,0.43501282,-0.31344604,0.32369995
