1453096751600,7.701172,-55.395386,0.24517822
1453096751619,7.7217407,-55.4178,0.23937988
1453096751640,-2.1237183,0.47920227,-0.20561218
1453096751661,-2.1661987,0.43804932,-0.34480286
1453096751678,-2.308731,0.48446655,-0.39356995
1453096751700,-2.4719849,0.5336151,-0.6212158
1453096751719,-2.6983795,0.5475464,-0.9066467
1453096751741,-2.950058,0.5105133,-1.1636963
1453096751759,-2.793213,-0.16293335,-1.1200256
1453096751780,-2.4297028,-1.0219421,-0.24977112
1453096751798,-2.4737701,-0.90415955,0.7129364
1453096751825,-2.6220093,-0.57154846,0.7673645
1453096751840,-2.4259949,-0.5511322,0.59861755
1453096751860,-2.1317139,-0.10342407,0.9878235
1453096751880,-1.960022,0.75123596,1.3087311
1453096751901,-1.8552094,1.1397552,1.0035248
1453096751928,-1.8579712,1.0479889,0.57588196
1453096751941,-1.9364471,0.78556824,0.3157959
1453096751959,-2.0262604,0.3376007,0.07853699
1453096751981,-2.1059723,0.0018157959,-0.07286072
1453096751999,-2.161087,-0.09466553,-0.021575928
1453096752020,-2.183426,-0.056427002,0.122528076
1453096752041,-0.019317627,0.052703857,-0.119766235
1453096752061,-0.0617218,0.24461365,-0.19650269
1453096752079,-0.09486389,0.35398865,-0.22990417
1453096752100,-0.15657043,0.33816528,-0.3210144
1453096752119,-0.13250732,0.27305603,-0.3310547
1453096752142,-0.109817505,0.47080994,-0.11105347
1453096752161,-0.10119629,0.5399475,-0.014419556
1453096752184,-0.013748169,0.09185791,0.06265259
1453096752202,0.004180908,-0.03994751,0.0050201416
1453096752222,-0.050704956,0.19554138,-0.23417664
1453096752243,-0.041992188,0.31700134,-0.2957306
1453096752264,-0.00440979,0.3834839,-0.2805481
1453096752279,-0.005279541,0.28486633,-0.09803772
1453096752306,-0.040023804,0.11984253,0.022018433
1453096752323,-0.07325745,0.016433716,-0.006591797
1453096752343,-0.075790405,0.05747986,-0.08331299
1453096752359,-0.05126953,0.19062805,-0.14083862
1453096752382,-0.04084778,0.3336792,-0.1408844
1453096752401,-0.067230225,0.3203888,-0.10707092
1453096752424,-0.073349,0.05935669,-0.107437134
1453096752444,-0.013793945,-0.13339233,-0.113220215
1453096752462,0.013366699,-0.074401855,-0.08509827
1453096752481,0.018218994,0.053710938,-0.023757935
1453096752507,-0.018493652,0.28753662,-0.009597778
1453096752520,-0.09623718,0.5233154,-0.095047
1453096752542,-0.12045288,0.57888794,-0.21412659
1453096752561,-0.115097046,0.5436554,-0.2999115
1453096752583,-0.10635376,0.43951416,-0.3572998
1453096752608,-0.07513428,0.21110535,-0.36654663
1453096752621,-0.042022705,0.053375244,-0.2798767
1453096752639,-0.035202026,0.051574707,-0.16459656
1453096752662,-0.0029449463,0.058258057,-0.059158325
1453096752680,0.049819946,0.10362244,0.012283325
1453096752701,0.058654785,0.2234497,0.036026
1453096752720,0.0069274902,0.28771973,0.041152954
1453096752743,-0.014221191,0.1972351,-0.03060913
1453096752761,0.012252808,0.03817749,-0.13642883
1453096752785,0.023529053,0.08758545,-0.15586853
1453096752802,-0.0140686035,0.266922,-0.07383728
1453096752826,-0.029067993,0.2736206,-0.08303833
1453096752842,-0.039154053,0.29640198,-0.21684265
1453096752866,-0.081451416,0.4051056,-0.3166809
1453096752881,-0.10974121,0.30444336,-0.3113861
1453096752906,-0.07937622,0.031188965,-0.20658875
1453096752922,-0.0340271,0.027893066,-0.13955688
1453096752941,0.014755249,0.14970398,-0.19140625
1453096752960,0.03289795,0.16792297,-0.16191101
1453096752981,-0.010955811,0.12916565,-0.04121399
1453096753000,0.009567261,0.006515503,-0.0030670166
1453096753022,0.043121338,0.060302734,-0.02720642
1453096753041,0.07951355,0.17146301,-0.08457947
1453096753062,0.07647705,0.2101593,-0.094070435
1453096753081,-0.0053100586,0.2246399,-0.13182068
1453096753103,-0.03489685,0.116363525,-0.21307373
1453096753121,-0.017166138,0.036758423,-0.20417786
1453096753144,-0.0087890625,0.1622467,-0.14694214
1453096753160,-8.087158E-4,0.22724915,-0.11302185
1453096753185,-0.005355835,0.1769867,-0.1078186
1453096753203,-0.04815674,0.16137695,-0.12620544
1453096753227,-0.0476532,0.12535095,-0.14042664
1453096753245,0.011383057,0.13531494,-0.11672974
1453096753261,0.059249878,0.17477417,-0.06878662
1453096753280,0.06854248,0.15260315,-0.06388855
1453096753301,0.03401184,0.046524048,-0.10697937
1453096753321,0.005203247,0.034484863,-0.12628174
1453096753346,-0.010147095,0.12773132,-0.19342041
1453096753362,-0.014816284,0.19155884,-0.19303894
1453096753385,0.018615723,0.11480713,-0.13108826
1453096753402,0.03111267,0.102005005,-0.12672424
1453096753424,0.011978149,0.19763184,-0.1453247
1453096753440,-0.016723633,0.12936401,-0.14060974
1453096753463,-0.0023040771,0.052459717,-0.14118958
1453096753483,0.016967773,0.21192932,-0.15011597
1453096753502,0.0074005127,0.31071472,-0.14459229
1453096753524,-0.014724731,0.20594788,-0.12515259
1453096753548,0.002746582,0.07165527,-0.115615845
1453096753563,0.05055237,0.045562744,-0.12503052
1453096753585,0.09011841,0.07962036,-0.100753784
1453096753601,0.08149719,0.12724304,-0.09088135
1453096753627,0.045654297,0.19241333,-0.114608765
1453096753641,0.015411377,0.19676208,-0.13320923
1453096753662,0.028549194,0.08709717,-0.15715027
1453096753681,0.064086914,0.02128601,-0.14297485
1453096753704,0.06376648,0.08493042,-0.09979248
1453096753721,0.059539795,0.18687439,-0.10897827
1453096753742,0.040023804,0.20135498,-0.13261414
1453096753761,0.01586914,0.10412598,-0.12791443
1453096753785,0.02180481,0.08482361,-0.12312317
1453096753802,0.03488159,0.13661194,-0.11300659
1453096753827,0.053771973,0.1277771,-0.122543335
1453096753844,0.039260864,0.17910767,-0.12200928
1453096753862,0.02960205,0.19206238,-0.097213745
1453096753881,0.072387695,0.06452942,-0.08784485
1453096753910,0.099990845,0.029006958,-0.09812927
1453096753926,0.08605957,0.18377686,-0.102508545
1453096753944,0.06626892,0.22357178,-0.11103821
1453096753965,0.056167603,0.0594635,-0.13475037
1453096753983,0.056732178,-0.029693604,-0.1639862
1453096754001,0.05331421,0.031188965,-0.16438293
1453096754022,0.04043579,0.16329956,-0.09713745
1453096754042,0.04031372,0.26203918,-0.057998657
1453096754063,0.0496521,0.1619873,-0.086364746
1453096754082,0.05555725,0.0030975342,-0.12536621
1453096754104,0.062820435,0.067871094,-0.13027954
1453096754124,0.0718689,0.21040344,-0.11534119
1453096754144,0.06643677,0.21388245,-0.124694824
1453096754164,0.041900635,0.18684387,-0.16256714
1453096754185,0.008056641,0.17002869,-0.16174316
1453096754202,0.016281128,0.05545044,-0.11830139
1453096754229,0.059066772,-0.027862549,-0.113983154
1453096754244,0.0954895,0.07209778,-0.1331482
1453096754263,0.07006836,0.20649719,-0.12760925
1453096754285,0.031219482,0.1746521,-0.08406067
1453096754302,0.02619934,0.067276,-0.07463074
1453096754328,0.03086853,0.047851563,-0.112960815
1453096754348,0.059417725,0.08584595,-0.13693237
1453096754363,0.09843445,0.13658142,-0.1418457
1453096754382,0.10020447,0.19416809,-0.11752319
1453096754401,0.07519531,0.19529724,-0.092819214
1453096754424,0.06011963,0.10380554,-0.12124634
1453096754446,0.05595398,0.036209106,-0.18353271
1453096754466,0.04612732,0.04081726,-0.1931305
1453096754481,0.045913696,0.06455994,-0.17399597
1453096754503,0.060180664,0.19450378,-0.11576843
1453096754521,0.06474304,0.20437622,-0.09588623
1453096754548,0.07376099,0.024017334,-0.08177185
1453096754567,0.059051514,0.015899658,-0.10118103
1453096754585,0.07298279,0.16430664,-0.11039734
1453096754611,0.10784912,0.1676178,-0.10092163
1453096754622,0.14822388,0.16293335,-0.06736755
1453096754642,0.13223267,0.15948486,-0.052200317
1453096754665,0.0974884,0.032699585,-0.07595825
1453096754682,0.07676697,-0.01210022,-0.14308167
1453096754704,0.06790161,0.058685303,-0.17631531
1453096754722,0.07702637,0.08706665,-0.16197205
1453096754745,0.10505676,0.096084595,-0.1428833
1453096754765,0.1003418,0.11250305,-0.1331482
1453096754786,0.075546265,0.13034058,-0.11373901
1453096754806,0.055999756,0.14704895,-0.09881592
1453096754827,0.06983948,0.106033325,-0.11782837
1453096754843,0.090789795,0.06251526,-0.13256836
1453096754869,0.08531189,0.11286926,-0.11802673
1453096754884,0.075042725,0.120224,-0.10308838
1453096754907,0.069488525,0.034347534,-0.11781311
1453096754924,0.084472656,0.030456543,-0.13763428
1453096754943,0.08251953,0.13240051,-0.13748169
1453096754966,0.041763306,0.20227051,-0.12249756
1453096754986,0.022216797,0.1927948,-0.13131714
1453096755004,0.055419922,0.09587097,-0.16934204
1453096755023,0.08834839,-0.0079193115,-0.18397522
1453096755043,0.085617065,0.00894165,-0.16497803
1453096755063,0.06599426,0.120224,-0.121414185
1453096755082,0.070251465,0.13000488,-0.082717896
1453096755103,0.09942627,0.09390259,-0.078125
1453096755123,0.09378052,0.1121521,-0.10215759
1453096755148,0.08816528,0.11595154,-0.102249146
1453096755164,0.10646057,0.0592041,-0.0786438
1453096755186,0.10368347,0.061523438,-0.11231995
1453096755205,0.06788635,0.1497345,-0.17437744
1453096755228,0.0398407,0.20620728,-0.1784668
1453096755246,0.04257202,0.11723328,-0.14923096
1453096755268,0.09492493,-0.059143066,-0.12599182
1453096755284,0.119781494,-0.0055999756,-0.0975647
1453096755306,0.090286255,0.1786499,-0.06309509
1453096755325,0.07040405,0.22766113,-0.05267334
1453096755350,0.0790863,0.16401672,-0.09510803
1453096755367,0.090927124,0.012191772,-0.13404846
1453096755384,0.10562134,-0.030532837,-0.1108551
1453096755409,0.11677551,0.06362915,-0.105773926
1453096755425,0.1179657,0.112960815,-0.14834595
1453096755443,0.1103363,0.08595276,-0.18688965
1453096755469,0.09202576,0.107284546,-0.16792297
1453096755487,0.07687378,0.13110352,-0.11967468
1453096755506,0.085739136,0.0823822,-0.11495972
1453096755524,0.09573364,0.06266785,-0.13415527
1453096755549,0.09321594,0.09088135,-0.13894653
1453096755567,0.0934906,0.15039063,-0.105270386
1453096755586,0.09249878,0.1545105,-0.07582092
1453096755607,0.101135254,0.07826233,-0.089767456
1453096755631,0.101745605,0.043121338,-0.13259888
1453096755642,0.08520508,0.06932068,-0.14154053
1453096755665,0.041671753,0.17701721,-0.11618042
1453096755683,0.050949097,0.18859863,-0.10519409
1453096755704,0.09440613,0.09933472,-0.13334656
1453096755723,0.09120178,0.062423706,-0.14756775
1453096755745,0.066604614,-0.005508423,-0.13850403
1453096755766,0.0756073,0.006378174,-0.11479187
1453096755784,0.1179657,0.07803345,-0.09086609
1453096755803,0.12663269,0.16462708,-0.090423584
1453096755829,0.0920105,0.14627075,-0.11868286
1453096755843,0.05291748,0.01121521,-0.1483612
1453096755871,0.07354736,-0.015838623,-0.13027954
1453096755884,0.10636902,0.122406006,-0.096832275
1453096755907,0.114852905,0.2110138,-0.10101318
1453096755924,0.08970642,0.1337738,-0.12980652
1453096755950,0.06956482,-0.0030059814,-0.15960693
1453096755966,0.07699585,-0.028137207,-0.18482971
1453096755987,0.07398987,0.11779785,-0.16586304
1453096756003,0.07337952,0.2273407,-0.11203003
1453096756026,0.09169006,0.09693909,-0.08779907
1453096756045,0.1002655,-0.013122559,-0.09300232
1453096756065,0.099487305,0.060562134,-0.087249756
1453096756085,0.10810852,0.074523926,-0.08647156
1453096756107,0.11254883,0.023544312,-0.12504578
1453096756124,0.103637695,0.08592224,-0.1541748
1453096756149,0.09371948,0.19674683,-0.12538147
1453096756168,0.101867676,0.1603241,-0.05821228
1453096756189,0.13108826,0.04698181,-0.02017212
1453096756208,0.1292572,0.045562744,-0.053359985
1453096756227,0.100494385,0.03112793,-0.1151886
1453096756245,0.088974,0.006210327,-0.19226074
1453096756264,0.075805664,0.10095215,-0.22065735
1453096756283,0.075164795,0.16690063,-0.20555115
1453096756305,0.08879089,0.12055969,-0.1862793
1453096756326,0.09259033,0.038528442,-0.12930298
1453096756350,0.121414185,0.037460327,-0.06756592
1453096756363,0.12734985,0.14569092,-0.042938232
1453096756386,0.103515625,0.1978302,-0.06086731
1453096756404,0.08099365,0.16203308,-0.11286926
1453096756428,0.07058716,0.109573364,-0.15029907
1453096756443,0.07937622,0.0077056885,-0.1791687
1453096756469,0.10081482,0.009170532,-0.19380188
1453096756490,0.10005188,0.13513184,-0.15493774
1453096756507,0.09440613,0.15419006,-0.09661865
1453096756530,0.074417114,0.10334778,-0.07208252
1453096756549,0.068984985,0.119262695,-0.114151
1453096756564,0.09359741,0.08103943,-0.13761902
1453096756589,0.098739624,0.060302734,-0.10424805
1453096756615,0.10632324,0.08166504,-0.09403992
1453096756625,0.15620422,0.050689697,-0.12295532
1453096756644,0.16090393,0.0743866,-0.1038208
1453096756667,0.12083435,0.10232544,-0.08911133
1453096756685,0.10688782,0.07757568,-0.1083374
1453096756707,0.0879364,0.081726074,-0.146698
1453096756724,0.07060242,0.1002655,-0.16108704
1453096756751,0.060546875,0.098220825,-0.15605164
1453096756766,0.06956482,0.10157776,-0.14137268
1453096756789,0.10719299,0.091293335,-0.12184143
1453096756805,0.13018799,0.070892334,-0.11672974
1453096756825,0.124298096,0.06523132,-0.116378784
1453096756844,0.10890198,0.05519104,-0.1068573
1453096756865,0.099624634,0.07583618,-0.107162476
1453096756885,0.11126709,0.11541748,-0.11659241
1453096756909,0.12194824,0.0932312,-0.10682678
1453096756930,0.12388611,0.037719727,-0.10707092
1453096756949,0.099105835,0.004119873,-0.14060974
1453096756968,0.09840393,0.030273438,-0.1499939
1453096756986,0.09291077,0.07644653,-0.15449524
1453096757004,0.11117554,0.08279419,-0.12562561
1453096757026,0.1446228,0.067230225,-0.102264404
1453096757044,0.1430664,0.09335327,-0.07380676
1453096757065,0.12524414,0.09718323,-0.045135498
1453096757085,0.09989929,0.095077515,-0.044830322
1453096757107,0.05316162,0.05178833,-0.08267212
1453096757124,0.025283813,-0.021865845,-0.17428589
1453096757145,0.025466919,0.06427002,-0.25569153
1453096757169,0.05619812,0.17781067,-0.23100281
1453096757188,0.12138367,0.15718079,-0.13972473
1453096757211,0.16296387,0.13890076,-0.057800293
1453096757227,0.15634155,0.100860596,-0.028121948
1453096757246,0.10848999,0.0067443848,-0.04711914
1453096757270,0.061141968,0.022521973,-0.09484863
1453096757287,0.06060791,0.12617493,-0.16638184
1453096757311,0.12205505,0.18727112,-0.20960999
1453096757329,0.16716003,0.14846802,-0.18527222
1453096757350,0.14970398,0.010528564,-0.14692688
1453096757367,0.110305786,-0.07077026,-0.1277771
1453096757386,0.088012695,-0.01777649,-0.098983765
1453096757404,0.08773804,0.1279602,-0.09399414
1453096757429,0.11167908,0.23516846,-0.117263794
1453096757444,0.13879395,0.16838074,-0.15557861
1453096757465,0.13722229,0.03593445,-0.1559143
1453096757484,0.12756348,-0.002609253,-0.103271484
1453096757505,0.13131714,0.04660034,-0.045196533
1453096757525,0.1537323,0.0821228,-0.063690186
1453096757553,0.14167786,0.10043335,-0.09248352
1453096757567,0.09088135,0.13769531,-0.11607361
1453096757589,0.082336426,0.071258545,-0.1452179
1453096757607,0.106536865,0.07562256,-0.11174011
1453096757635,0.1387024,0.12944031,-0.08721924
1453096757644,0.15505981,0.0851593,-0.12561035
1453096757668,0.1131134,0.03189087,-0.12565613
1453096757686,0.09434509,0.013977051,-0.10108948
1453096757706,0.10322571,0.03538513,-0.12432861
1453096757727,0.10722351,0.039871216,-0.15739441
1453096757747,0.115997314,0.003753662,-0.14329529
1453096757769,0.13426208,-0.0055999756,-0.10548401
1453096757786,0.13645935,0.04347229,-0.0670166
1453096757807,0.11387634,0.10961914,-0.076171875
1453096757831,0.08404541,0.15222168,-0.13798523
1453096757849,0.073654175,0.14826965,-0.17622375
1453096757868,0.091934204,0.108932495,-0.16726685
1453096757887,0.111465454,0.06147766,-0.10067749
1453096757913,0.12301636,0.04786682,-0.03352356
1453096757928,0.12184143,0.07765198,-0.023361206
1453096757948,0.11923218,0.088027954,-0.095077515
1453096757967,0.08584595,0.077819824,-0.16696167
1453096757990,0.051818848,0.043945313,-0.18138123
1453096758005,0.042022705,0.02468872,-0.17181396
1453096758027,0.06588745,0.019119263,-0.13787842
1453096758045,0.08467102,0.032577515,-0.13269043
1453096758066,0.13171387,0.076416016,-0.12783813
1453096758085,0.12574768,0.09262085,-0.12765503
1453096758107,0.10069275,0.09063721,-0.12309265
1453096758126,0.099731445,0.09466553,-0.10882568
1453096758153,0.15582275,0.105407715,-0.07998657
1453096758170,0.18936157,0.08987427,-0.07531738
1453096758190,0.21412659,0.042816162,-0.08529663
1453096758208,0.16127014,0.015090942,-0.12878418
1453096758228,0.0929718,0.028121948,-0.16246033
1453096758248,0.07620239,0.029159546,-0.15281677
1453096758269,0.12817383,0.0131073,-0.11517334
1453096758289,0.15086365,0.09764099,-0.043548584
1453096758308,0.1252594,0.16929626,-0.009567261
1453096758331,0.13117981,0.13398743,-0.057632446
1453096758347,0.16374207,0.0473938,-0.10121155
1453096758365,0.16436768,-0.026504517,-0.13056946
1453096758392,0.108428955,-0.025177002,-0.16386414
1453096758409,0.025924683,0.008346558,-0.21598816
1453096758427,-0.0062713623,0.06201172,-0.29248047
1453096758446,0.016494751,0.15026855,-0.33537292
1453096758467,0.04170227,0.2262268,-0.31106567
1453096758486,0.07481384,0.21231079,-0.22439575
1453096758510,0.10873413,0.099624634,-0.081085205
1453096758532,0.14782715,0.02633667,0.04270935
1453096758550,0.19378662,0.049697876,0.07614136
1453096758567,0.23999023,0.0713501,0.037582397
1453096758591,0.23454285,0.10348511,-0.04875183
1453096758607,0.15240479,0.11264038,-0.15414429
1453096758628,0.074035645,0.035354614,-0.23085022
1453096758646,0.06361389,-2.2888184E-4,-0.2358551
1453096758667,0.08078003,0.08404541,-0.18243408
1453096758686,0.09541321,0.10240173,-0.11932373
1453096758707,0.12123108,0.014022827,-0.07649231
1453096758728,0.14413452,0.007293701,-0.053253174
1453096758750,0.16169739,0.11450195,-0.038711548
1453096758767,0.19273376,0.16482544,-0.043273926
1453096758792,0.20681763,0.12434387,-0.08181763
1453096758810,0.17642212,0.058135986,-0.110961914
1453096758831,0.15493774,-0.054000854,-0.1212616
1453096758848,0.16694641,-0.13388062,-0.17095947
1453096758871,0.16288757,-0.05810547,-0.21076965
1453096758888,0.13529968,-0.022064209,-0.15542603
1453096758911,0.16241455,-0.109069824,-0.068603516
1453096758928,0.17689514,-0.06719971,-0.020309448
1453096758952,0.15718079,0.14334106,-0.01838684
1453096758969,0.16609192,0.3025818,-0.038238525
1453096758991,0.21235657,0.22885132,-0.09587097
1453096759006,0.23179626,0.08996582,-0.13491821
1453096759028,0.1210022,0.09880066,-0.12055969
1453096759047,-0.004348755,0.11470032,-0.110824585
1453096759068,-0.040496826,0.08073425,-0.13511658
1453096759086,-0.052383423,0.071136475,-0.17779541
1453096759108,-0.051757813,0.009246826,-0.210495
1453096759127,0.012878418,-0.044281006,-0.22416687
1453096759148,0.13619995,0.0018005371,-0.21873474
1453096759172,0.24617004,0.08592224,-0.19935608
1453096759192,0.27659607,0.1847229,-0.17080688
1453096759208,0.26116943,0.22943115,-0.15158081
1453096759234,0.20539856,0.23031616,-0.093673706
1453096759247,0.1634674,0.17170715,-0.0834198
1453096759268,0.06277466,-0.08555603,-0.122024536
1453096759287,0.052322388,-0.1018219,-0.14649963
1453096759308,0.02067566,0.1456604,-0.20324707
1453096759333,0.011245728,0.21839905,-0.21192932
1453096759350,0.006576538,0.22935486,-0.22096252
1453096759368,3.2043457E-4,0.10324097,-0.20159912
1453096759390,0.05067444,-0.06436157,-0.12063599
1453096759409,0.1423645,-0.04248047,-0.020248413
1453096759434,0.19673157,0.08734131,0.02810669
1453096759450,0.19718933,0.14826965,-0.029037476
1453096759474,0.16174316,0.16349792,-0.12911987
1453096759490,0.12135315,0.095718384,-0.19102478
1453096759510,0.10096741,-0.004989624,-0.18669128
1453096759530,0.100128174,0.023376465,-0.13404846
1453096759551,0.113586426,0.102890015,-0.075927734
1453096759574,0.122039795,0.10380554,-0.085006714
1453096759590,0.1027832,0.073287964,-0.12782288
1453096759608,0.082977295,0.018493652,-0.17590332
1453096759628,0.081222534,0.0076446533,-0.20994568
1453096759647,0.057113647,0.08148193,-0.19975281
1453096759674,0.059280396,0.10057068,-0.17019653
1453096759689,0.11062622,0.053527832,-0.1409607
1453096759708,0.17190552,0.05445862,-0.092559814
1453096759727,0.2094574,0.07199097,-0.053970337
1453096759753,0.19519043,0.09010315,-0.03970337
1453096759769,0.15542603,0.13778687,-0.06323242
1453096759788,0.118011475,0.13743591,-0.120269775
1453096759808,0.08039856,0.13589478,-0.13432312
1453096759828,0.08892822,0.1244812,-0.09095764
1453096759847,0.14477539,0.11369324,-0.07672119
1453096759869,0.18075562,0.09315491,-0.05293274
1453096759893,0.17849731,-0.0056915283,0.019012451
1453096759911,0.17298889,-0.14303589,0.07661438
1453096759930,0.19114685,-0.21725464,0.066848755
1453096759955,0.17739868,-0.15672302,-0.0050811768
1453096759970,0.119400024,-0.043380737,-0.14839172
1453096759991,0.055526733,0.020492554,-0.3110199
1453096760007,0.01586914,0.06359863,-0.3972168
1453096760029,0.026992798,0.08375549,-0.3588562
1453096760047,0.076675415,0.04737854,-0.24421692
1453096760070,0.13824463,0.0844574,-0.120285034
1453096760089,0.1770935,0.18362427,-0.043807983
1453096760109,0.17694092,0.20002747,-0.04928589
1453096760128,0.13746643,0.16390991,-0.102645874
1453096760155,0.08900452,0.13327026,-0.15071106
1453096760171,0.0594635,0.10346985,-0.16996765
1453096760191,0.06375122,0.11228943,-0.1461029
1453096760208,0.10545349,0.14479065,-0.14616394
1453096760232,0.10392761,0.20578003,-0.18890381
1453096760250,0.059814453,0.1920166,-0.2315216
1453096760275,0.021072388,0.14042664,-0.24099731
1453096760290,0.016845703,0.16082764,-0.20697021
1453096760309,0.07243347,0.17237854,-0.120162964
1453096760334,0.14320374,0.15957642,-0.03338623
1453096760349,0.17454529,0.1441803,-0.008651733
1453096760368,0.1767273,0.13896179,-0.02217102
1453096760389,0.14570618,0.07954407,-0.09327698
1453096760408,0.125,0.045288086,-0.111587524
1453096760429,0.06694031,-0.060821533,-0.1351471
1453096760448,0.066589355,-0.019256592,-0.1391449
1453096760469,0.1043396,0.09790039,-0.17149353
1453096760491,0.11300659,0.08135986,-0.18081665
1453096760509,0.12789917,0.05001831,-0.17581177
1453096760529,0.12683105,0.010696411,-0.13664246
1453096760551,0.14183044,-0.058944702,-0.12684631
1453096760570,0.13150024,-0.010879517,-0.12585449
1453096760591,0.12565613,0.035202026,-0.12506104
1453096760609,0.14477539,0.011169434,-0.101135254
1453096760630,0.17204285,-0.007949829,-0.043670654
1453096760649,0.1703186,-0.00932312,-2.4414063E-4
1453096760671,0.1352539,0.01550293,3.3569336E-4
1453096760689,0.1101532,0.026794434,-0.03300476
1453096760710,0.12110901,0.037139893,-0.05256653
1453096760729,0.11843872,0.05596924,-0.038223267
1453096760753,0.1031189,0.031692505,-0.047836304
1453096760771,0.11468506,0.0016937256,-0.091049194
1453096760791,0.12145996,0.0388031,-0.13426208
1453096760811,0.12269592,0.08154297,-0.15823364
1453096760835,0.10719299,0.08470154,-0.15840149
1453096760850,0.08554077,0.09564209,-0.14437866
1453096760876,0.06568909,0.11885071,-0.1396637
1453096760890,0.056625366,0.13339233,-0.16358948
1453096760913,0.05619812,0.09725952,-0.19688416
1453096760931,0.07974243,0.03465271,-0.16819763
1453096760954,0.13656616,0.098724365,-0.110061646
1453096760970,0.23495483,0.20761108,-0.123565674
1453096760993,0.31085205,0.24734497,-0.17712402
1453096761008,0.35072327,0.4424591,-0.04525757
1453096761030,0.5341339,1.044693,0.338089
1453096761049,0.95040894,1.903244,0.9568329
1453096761070,1.7257538,2.8641052,2.1553192
1453096761089,2.7246246,3.8073578,4.1362915
1453096761110,3.5219574,5.085663,6.6228485
1453096761130,3.9901276,5.7924805,9.245026
1453096761153,4.021103,4.500351,11.713791
1453096761172,4.1360016,1.846405,13.32843
1453096761190,4.5854187,0.13804626,13.628479
1453096761211,4.632416,0.24482727,12.850754
1453096761235,4.593445,-0.45863342,11.014603
1453096761253,5.720871,-4.1928864,7.691696
1453096761273,7.5742645,-8.409454,2.8457184
1453096761294,9.022751,-9.841888,-2.6177826
1453096761311,9.982712,-9.3424225,-7.6746674
1453096761331,10.40506,-8.490021,-12.202133
1453096761352,9.622162,-7.231186,-16.25177
1453096761371,7.5890503,-5.858658,-19.112381
1453096761394,5.0789948,-5.576874,-21.3441
1453096761410,2.9361572,-5.821579,-23.574127
1453096761432,1.8347626,-5.3757935,-24.297943
1453096761451,2.1949463,-5.382019,-23.746872
1453096761476,4.0457764,-5.75325,-22.902328
1453096761489,6.7549744,-4.956436,-21.414032
1453096761514,10.119278,-4.7020874,-18.06157
1453096761531,13.403549,-6.671936,-11.097473
1453096761553,14.884048,-9.39093,-2.5744476
1453096761572,14.320648,-9.654404,1.4349976
1453096761592,15.922546,1.759491,12.01062
1453096761610,15.192673,6.5379333,15.572723
1453096761632,12.933075,6.7871094,20.505432
1453096761649,11.983414,5.046753,19.941742
1453096761671,8.346588,6.716812,14.610413
1453096761689,6.8596344,7.98497,12.667374
1453096761711,3.3411407,6.6698,7.263397
1453096761732,2.8192444,5.321747,5.608795
1453096761753,1.9936066,3.3995514,3.087799
1453096761769,1.391983,2.5934753,1.3382568
1453096761791,1.0098572,1.6498871,0.12739563
1453096761811,0.92503357,0.06098938,-0.41360474
1453096761834,0.74238586,-1.0811768,-0.34677124
1453096761850,0.30337524,-1.2002563,-0.29232788
1453096761872,0.07987976,-1.0057068,-0.4633789
1453096761892,0.32867432,-1.0597687,-0.29162598
1453096761913,0.71333313,-1.1646271,0.086364746
1453096761934,0.7857208,-0.8901062,0.006515503
1453096761952,0.62553406,-0.4335785,-0.43434143
1453096761971,0.5305176,-0.12095642,-0.93634033
1453096761992,0.46824646,0.15455627,-1.2415314
1453096762010,0.41412354,0.48265076,-1.344223
1453096762031,0.23262024,0.38137817,-1.8209534
1453096762050,-0.016540527,-0.49291992,-2.6806946
1453096762072,0.24232483,-1.0790558,-2.8177032
1453096762092,0.5328369,-0.5586853,-1.836792
1453096762113,0.15180969,0.15466309,-0.67837524
1453096762134,-0.32261658,0.17784119,-0.17478943
1453096762152,-0.24555969,-0.25920105,-0.33657837
1453096762174,0.085617065,-0.3511505,-0.65026855
1453096762193,0.15809631,0.059280396,-0.7002716
1453096762212,0.03514099,0.44389343,-0.47206116
1453096762236,0.04899597,0.38664246,-0.042617798
1453096762250,0.095703125,0.16189575,0.4056244
1453096762271,0.043136597,0.096450806,0.64704895
1453096762290,0.030059814,0.035079956,0.7405853
1453096762316,0.13456726,-0.16877747,0.5997925
1453096762330,0.2555542,-0.14468384,0.29101563
1453096762352,0.2026062,0.12815857,0.10241699
1453096762372,0.0723114,0.09251404,-0.080581665
1453096762397,0.08590698,-0.03363037,-0.3262787
1453096762412,0.09776306,0.02859497,-0.38464355
1453096762431,0.035705566,-0.113204956,-0.3656311
1453096762450,0.040115356,-0.33418274,-0.5382538
1453096762474,0.06480408,-0.26615906,-0.7301636
1453096762493,0.014373779,-0.10647583,-0.7926941
1453096762511,-0.03944397,-0.036346436,-0.6922455
1453096762531,-0.033065796,0.042144775,-0.46984863
1453096762555,-0.032562256,-0.008453369,-0.2397461
1453096762573,-0.079818726,-0.031555176,-0.03793335
1453096762593,-0.07888794,-0.021011353,0.087890625
1453096762611,-0.014526367,-0.061828613,0.12705994
1453096762631,0.037094116,-0.115448,0.16603088
1453096762652,0.10636902,-0.096832275,0.17567444
1453096762673,0.17082214,0.11605835,0.14207458
1453096762691,0.15327454,0.36050415,0.13310242
1453096762713,0.12226868,0.30140686,0.16786194
1453096762732,0.12519836,0.16584778,0.20217896
1453096762756,0.20291138,-0.028793335,0.10656738
1453096762775,0.20828247,0.06681824,0.030181885
1453096762794,0.15408325,0.23057556,-0.11759949
1453096762812,0.13543701,0.20532227,-0.16040039
1453096762831,0.090545654,0.07044983,-0.2750702
1453096762850,0.08938599,0.05845642,-0.3084259
1453096762872,0.08598328,0.10145569,-0.4810791
1453096762894,0.07757568,0.13850403,-0.5099182
1453096762916,0.05908203,0.12843323,-0.44248962
1453096762933,0.064834595,0.01890564,-0.39372253
1453096762957,0.05795288,0.08329773,-0.4353485
1453096762974,0.06462097,0.10595703,-0.33259583
1453096762995,0.14448547,0.0566864,-0.24531555
1453096763011,0.17643738,0.16212463,-0.22988892
1453096763035,0.11895752,0.10870361,-0.022216797
1453096763053,0.13087463,-0.088897705,0.13653564
1453096763073,0.21868896,-0.040527344,0.069488525
1453096763091,0.23631287,0.10006714,0.0030975342
1453096763112,0.21058655,0.09698486,0.017669678
1453096763132,0.203125,0.06700134,0.07493591
1453096763152,0.18960571,0.13912964,0.10865784
1453096763173,0.17475891,0.16957092,0.04197693
1453096763197,0.14906311,0.07849121,-0.10185242
1453096763215,0.12350464,0.07131958,-0.17350769
1453096763236,0.14405823,0.054031372,-0.13948059
1453096763253,0.20404053,-0.030319214,-0.115600586
1453096763278,0.21731567,-0.03616333,-0.16882324
1453096763295,0.1635437,0.06254578,-0.2646637
1453096763313,0.072891235,0.10748291,-0.34094238
1453096763334,0.06549072,0.057113647,-0.31671143
1453096763356,0.13934326,0.007385254,-0.22993469
1453096763373,0.20187378,0.010177612,-0.18586731
1453096763398,0.21725464,0.038757324,-0.2515869
1453096763413,0.19779968,0.05368042,-0.34194946
1453096763432,0.15567017,0.12940979,-0.31277466
1453096763451,0.113861084,0.23753357,-0.110687256
1453096763478,0.11947632,0.21768188,0.119644165
1453096763495,0.1453247,0.13485718,0.21490479
1453096763513,0.08248901,0.14402771,0.24363708
1453096763534,-0.018371582,0.0816803,0.2203064
1453096763553,-0.027542114,-0.05871582,0.11932373
1453096763574,0.0076141357,-0.119781494,0.018447876
1453096763599,0.032318115,-0.18382263,-0.10620117
1453096763615,0.04989624,-0.22827148,-0.27944946
1453096763635,0.016143799,-0.20133972,-0.3995514
1453096763652,-0.014877319,-0.19625854,-0.36616516
1453096763672,0.0410614,-0.1434021,-0.25593567
1453096763694,0.12168884,-0.0048980713,-0.19335938
1453096763714,0.16252136,0.10070801,-0.16896057
1453096763732,0.18067932,0.1252594,-0.1640625
1453096763754,0.18136597,0.12057495,-0.16409302
1453096763773,0.15464783,0.08337402,-0.17906189
1453096763797,0.11894226,0.044143677,-0.16093445
1453096763812,0.09820557,0.10166931,-0.14247131
1453096763835,0.08743286,0.13926697,-0.118759155
1453096763854,0.06755066,0.0834198,-0.14282227
1453096763875,0.019607544,0.10357666,-0.26220703
1453096763895,-0.012741089,0.18049622,-0.3327179
1453096763915,0.03904724,0.16976929,-0.31271362
1453096763935,0.08607483,0.16355896,-0.2980652
1453096763959,0.17382813,0.24884033,-0.153656
1453096763975,0.17854309,0.23976135,-0.06674194
1453096763996,0.2783661,0.2162323,0.17306519
1453096764012,0.29460144,0.24162292,0.20741272
1453096764033,0.27381897,0.15795898,0.08731079
1453096764054,0.2526245,0.12556458,-0.009170532
1453096764073,0.16189575,0.09347534,-0.17733765
1453096764094,0.079956055,0.061416626,-0.2876892
1453096764114,0.034484863,0.022277832,-0.38819885
1453096764132,0.02456665,0.011627197,-0.4927063
1453096764157,0.04978943,-0.0075531006,-0.5158386
1453096764174,0.1058197,-0.037384033,-0.3808136
1453096764197,0.1539917,-0.008163452,-0.18833923
1453096764214,0.15431213,0.026168823,-0.044036865
1453096764237,0.118255615,0.052246094,-0.0143585205
1453096764254,0.098861694,0.054748535,-0.056625366
1453096764279,0.12445068,-0.009597778,-0.06581116
1453096764294,0.20213318,-0.05340576,-0.042007446
1453096764317,0.2667389,-0.019714355,0.01083374
1453096764334,0.23765564,0.010360718,0.035217285
1453096764359,0.16680908,0.0126953125,-0.012557983
1453096764374,0.12515259,0.011169434,-0.061294556
1453096764393,0.08984375,0.0098724365,-0.047531128
1453096764412,0.09399414,-0.004486084,-0.04748535
1453096764440,0.13536072,-0.028320313,-0.081207275
1453096764458,0.13600159,-0.01473999,-0.12440491
1453096764473,0.1028595,0.049453735,-0.17218018
1453096764496,0.103027344,0.08547974,-0.18159485
1453096764517,0.09719849,0.052734375,-0.14826965
1453096764536,0.08050537,0.0745697,-0.1383667
1453096764560,0.09751892,0.09718323,-0.12808228
1453096764576,0.12513733,0.047927856,-0.11853027
1453096764599,0.119125366,0.058059692,-0.11361694
1453096764615,0.13204956,0.12084961,-0.123062134
1453096764634,0.15509033,0.14181519,-0.15161133
1453096764653,0.14022827,0.10482788,-0.20927429
1453096764673,0.11643982,0.06213379,-0.23320007
1453096764692,0.1056366,-0.024261475,-0.22834778
1453096764714,0.11906433,-0.049179077,-0.18525696
1453096764733,0.10923767,0.02394104,-0.12225342
1453096764757,0.13607788,0.12484741,-0.0927124
1453096764775,0.21235657,0.24850464,-0.05822754
1453096764799,0.24905396,0.20695496,-0.029281616
1453096764816,0.24775696,0.111968994,-0.039367676
1453096764836,0.19473267,0.09020996,-0.06858826
1453096764854,0.09107971,0.013427734,-0.10736084
1453096764880,-0.020996094,-0.07102966,-0.16043091
1453096764894,-0.1265564,-0.08363342,-0.21296692
1453096764918,-0.1943512,-0.045562744,-0.27963257
1453096764935,-0.18106079,0.09109497,-0.3556671
1453096764960,-0.07295227,0.23065186,-0.3589325
1453096764976,0.12757874,0.19169617,-0.29534912
1453096764998,0.33392334,0.08137512,-0.15618896
1453096765013,0.39982605,0.05557251,0.0068969727
1453096765035,0.35787964,0.10572815,0.09352112
1453096765053,0.28015137,0.11306763,0.079422
1453096765076,0.18145752,0.053482056,-0.03543091
1453096765094,0.14718628,0.019088745,-0.09768677
1453096765114,0.1299591,-0.038513184,-0.2124176
1453096765133,0.14282227,-0.03831482,-0.22665405
1453096765156,0.15563965,0.015838623,-0.22572327
1453096765178,0.15844727,0.05206299,-0.21987915
1453096765198,0.14007568,0.07107544,-0.18569946
1453096765218,0.1133728,0.03715515,-0.16192627
1453096765239,0.050598145,-0.021774292,-0.0953064
1453096765253,0.0029296875,0.0033111572,-0.037750244
1453096765274,-0.020523071,0.043029785,-0.05130005
1453096765293,0.008392334,0.038406372,-0.14228821
1453096765318,0.09451294,0.064331055,-0.21873474
1453096765333,0.18203735,0.0798645,-0.20365906
1453096765359,0.22489929,0.01701355,-0.13630676
1453096765376,0.2359314,0.032226563,-0.059387207
1453096765399,0.23199463,0.09223938,-0.005844116
1453096765418,0.24111938,0.053024292,-0.020248413
1453096765438,0.22854614,0.008605957,-0.073532104
1453096765456,0.16363525,-0.0012969971,-0.08808899
1453096765479,0.079940796,-0.045776367,-0.10273743
1453096765496,0.0011291504,-0.02507019,-0.16505432
1453096765518,-0.041732788,0.041778564,-0.21737671
1453096765540,0.006134033,0.055404663,-0.25611877
1453096765555,0.104599,0.13632202,-0.2950287
1453096765575,0.12854004,0.2240448,-0.28457642
1453096765596,0.08456421,0.19384766,-0.2787323
1453096765618,0.07884216,0.18409729,-0.25401306
1453096765635,0.14425659,0.25016785,-0.16668701
1453096765654,0.2741394,0.24398804,0.025772095
1453096765675,0.37286377,0.11936951,0.256485
1453096765696,0.41334534,-0.008636475,0.35620117
1453096765716,0.35154724,-0.084228516,0.33009338
1453096765734,0.13941956,-0.14103699,0.23194885
1453096765756,-0.10736084,-0.23408508,0.043121338
1453096765777,-0.2341156,-0.3303833,-0.2026825
1453096765799,-0.21960449,-0.31671143,-0.4524231
1453096765813,-0.11468506,-0.23779297,-0.6629181
1453096765835,0.0131073,-0.11985779,-0.7484436
1453096765854,0.12992859,0.072509766,-0.684906
1453096765875,0.25253296,0.24188232,-0.506073
1453096765898,0.35862732,0.32429504,-0.29873657
1453096765919,0.3969574,0.36445618,-0.10597229
1453096765940,0.3806305,0.3515625,0.09133911
1453096765957,0.3295288,0.23876953,0.30610657
1453096765975,0.21598816,0.07366943,0.48667908
1453096765999,0.09446716,-0.08151245,0.47564697
1453096766014,0.023910522,-0.110809326,0.2442627
1453096766036,-0.026992798,-0.03237915,-0.13909912
1453096766059,0.011932373,0.030166626,-0.5324402
1453096766077,0.09194946,0.108810425,-0.71958923
1453096766096,0.12297058,0.14689636,-0.65682983
1453096766117,0.15995789,0.120651245,-0.41641235
1453096766134,0.19233704,0.085494995,-0.08944702
1453096766162,0.2337799,0.06758118,0.15568542
1453096766176,0.27415466,0.06878662,0.22267151
1453096766199,0.2674713,0.120407104,0.16496277
1453096766217,0.21852112,0.186203,-0.046020508
1453096766239,0.14460754,0.1761322,-0.29997253
1453096766257,0.056427002,0.07557678,-0.46296692
1453096766279,-0.0010223389,0.022903442,-0.49649048
1453096766297,-0.013748169,0.028030396,-0.4527588
1453096766319,0.074157715,0.02822876,-0.21757507
1453096766337,0.15039063,0.047302246,-0.13136292
1453096766359,0.26078796,0.060958862,0.05088806
1453096766377,0.2512207,0.0016326904,0.050354004
1453096766401,0.20547485,0.06227112,-0.040115356
1453096766415,0.18225098,0.12142944,-0.063186646
1453096766435,0.13352966,0.014343262,-0.08680725
1453096766454,0.12265015,-0.13641357,-0.07295227
1453096766476,0.12794495,-0.018371582,-0.043258667
1453096766496,0.15579224,0.09597778,-0.028152466
1453096766517,0.1953888,0.090927124,-0.028320313
1453096766534,0.23017883,0.100250244,0.02456665
1453096766556,0.26057434,0.03816223,0.06790161
1453096766576,0.27586365,-0.09851074,0.019332886
1453096766601,0.23651123,-0.11405945,-0.10551453
1453096766620,0.13726807,-0.013687134,-0.32583618
1453096766638,0.051361084,0.039215088,-0.50845337
1453096766655,-0.0084991455,0.055114746,-0.5903015
1453096766676,-0.017440796,0.09197998,-0.62397766
1453096766695,-0.013671875,0.15827942,-0.5510254
1453096766718,-0.0064086914,0.2756958,-0.42466736
1453096766736,0.039611816,0.37356567,-0.2597046
1453096766759,0.14353943,0.3493805,-0.07106018
1453096766776,0.29006958,0.31295776,0.12545776
1453096766797,0.37620544,0.2730713,0.33638
1453096766819,0.39215088,0.10752869,0.4605255
1453096766838,0.36405945,-0.03916931,0.39764404
1453096766856,0.26535034,-0.07093811,0.1487732
1453096766879,0.16226196,-0.1020813,-0.13876343
1453096766897,0.07833862,-0.12123108,-0.3212433
1453096766919,0.018966675,-0.06739807,-0.36846924
1453096766937,0.04135132,-0.008575439,-0.32873535
1453096766961,0.13549805,0.04159546,-0.2558136
1453096766978,0.22798157,0.135849,-0.18823242
1453096767001,0.2711029,0.20028687,-0.120224
1453096767015,0.27896118,0.11428833,-0.08654785
1453096767036,0.25112915,0.03489685,-0.120391846
1453096767055,0.18403625,0.04336548,-0.20625305
1453096767076,0.1382904,0.0063934326,-0.282547
1453096767095,0.13183594,-0.05445862,-0.29708862
1453096767116,0.13026428,-0.059661865,-0.23475647
1453096767135,0.12104797,-0.030258179,-0.10986328
1453096767158,0.1232605,0.022766113,-0.018661499
1453096767183,0.12232971,0.09440613,0.010116577
1453096767196,0.1305542,0.11735535,0.019699097
1453096767217,0.176651,0.087005615,0.028839111
1453096767242,0.21936035,0.08627319,0.03315735
1453096767257,0.2328949,0.11953735,0.004470825
1453096767278,0.2290802,0.10934448,-0.043533325
1453096767301,0.18927002,0.08621216,-0.09680176
1453096767318,0.12348938,0.10652161,-0.14945984
1453096767338,0.08595276,0.09777832,-0.2112732
1453096767358,0.07987976,0.028411865,-0.2401123
1453096767381,0.09794617,0.0016021729,-0.23114014
1453096767399,0.10644531,0.09010315,-0.25556946
1453096767419,0.10671997,0.17546082,-0.25039673
1453096767441,0.093826294,0.20639038,-0.24073792
1453096767460,0.094818115,0.22203064,-0.29336548
1453096767478,0.17280579,-0.07962036,-0.53359985
1453096767495,0.2136383,-0.22390747,-0.50860596
1453096767521,0.15007019,-0.15255737,-0.079437256
1453096767537,0.13508606,-0.04034424,0.078125
1453096767557,0.18840027,0.17933655,0.15556335
1453096767579,0.20606995,0.1899414,0.031021118
1453096767598,0.14225769,0.20285034,-0.24746704
1453096767623,0.09916687,0.21098328,-0.26237488
1453096767636,0.034957886,0.23991394,-0.21913147
1453096767655,0.022506714,0.23738098,-0.15574646
1453096767677,0.08868408,0.18850708,-0.07765198
1453096767696,0.21913147,0.068878174,0.0134887695
1453096767718,0.34509277,0.009155273,0.1040802
1453096767738,0.35716248,0.07067871,0.11897278
1453096767760,0.28401184,0.08857727,0.01008606
1453096767776,0.21003723,0.02003479,-0.13781738
1453096767800,0.13511658,-0.0053710938,-0.25691223
1453096767819,0.041900635,0.008560181,-0.32774353
1453096767837,0.0023956299,-0.020980835,-0.35569763
1453096767862,0.041427612,-0.009689331,-0.29777527
1453096767881,0.08308411,0.06758118,-0.14794922
1453096767903,0.12911987,0.07759094,-0.022033691
1453096767922,0.19348145,0.03640747,0.026672363
1453096767936,0.2341156,0.026809692,0.017730713
1453096767961,0.22497559,0.021453857,-0.058502197
1453096767979,0.20576477,-2.593994E-4,-0.1639862
1453096767998,0.15995789,0.012832642,-0.19332886
1453096768016,0.09793091,0.032943726,-0.17410278
1453096768039,0.08885193,-0.00881958,-0.14048767
1453096768058,0.115737915,-0.024139404,-0.10168457
1453096768079,0.14677429,0.013092041,-0.10592651
1453096768098,0.1473999,0.008590698,-0.11552429
1453096768119,0.10029602,-0.013259888,-0.058380127
1453096768139,0.07028198,0.056030273,-0.004928589
1453096768164,0.09362793,0.13618469,-0.061538696
1453096768179,0.14021301,0.101638794,-0.13815308
1453096768200,0.16719055,0.059783936,-0.16313171
1453096768218,0.14360046,0.028244019,-0.08634949
1453096768244,0.12797546,-0.046569824,-0.014724731
1453096768256,0.15086365,-0.027053833,-0.029449463
1453096768277,0.154068,0.059005737,-0.08201599
1453096768297,0.1411438,0.07498169,-0.14431763
1453096768322,0.16270447,0.04197693,-0.15937805
1453096768341,0.17932129,0.06752014,-0.13076782
1453096768361,0.15750122,0.11930847,-0.13497925
1453096768378,0.115112305,0.08236694,-0.20195007
1453096768405,0.073532104,0.02947998,-0.21211243
1453096768417,0.08029175,0.04963684,-0.14079285
1453096768442,0.11380005,0.09207153,-0.10253906
1453096768459,0.14247131,0.115448,-0.15002441
1453096768481,0.13371277,0.08087158,-0.21722412
1453096768500,0.114349365,-0.012359619,-0.22265625
1453096768518,0.103881836,-0.04524231,-0.16552734
1453096768540,0.098464966,0.004928589,-0.13174438
1453096768563,0.102371216,0.08773804,-0.16984558
1453096768581,0.12487793,0.1681366,-0.2129364
1453096768600,0.14196777,0.15194702,-0.20336914
1453096768621,0.13508606,0.083480835,-0.16505432
1453096768641,0.122680664,0.06613159,-0.13548279
1453096768659,0.12597656,0.061706543,-0.12530518
1453096768678,0.15887451,0.06588745,-0.087020874
1453096768697,0.1473999,0.08728027,-0.06750488
1453096768720,0.12667847,0.046554565,-0.024520874
1453096768738,0.13716125,0.027236938,-0.03463745
1453096768761,0.11946106,0.084198,-0.13490295
1453096768779,0.10406494,0.076660156,-0.16769409
1453096768805,0.12805176,0.006576538,-0.21540833
1453096768820,0.16235352,-0.026763916,-0.19151306
1453096768838,0.16087341,0.0071105957,-0.14781189
1453096768857,0.12580872,0.055252075,-0.14241028
1453096768882,0.09605408,0.08807373,-0.15631104
1453096768900,0.10922241,0.09214783,-0.14671326
1453096768923,0.1651001,0.07496643,-0.09371948
1453096768940,0.19535828,0.035995483,-0.06517029
1453096768961,0.1789856,0.030853271,-0.055847168
1453096768980,0.12776184,0.07548523,-0.06538391
1453096768998,0.07876587,0.11463928,-0.12220764
1453096769017,0.07408142,0.0947113,-0.18885803
1453096769039,0.10760498,0.040481567,-0.2081604
1453096769059,0.13633728,-0.016738892,-0.18466187
1453096769080,0.16017151,-0.02722168,-0.1464386
1453096769097,0.1556549,0.014678955,-0.1552124
1453096769119,0.12704468,0.036605835,-0.18800354
1453096769140,0.11268616,0.044525146,-0.14027405
1453096769162,0.12225342,0.085754395,-0.06863403
1453096769179,0.1430664,0.12486267,-0.039474487
1453096769199,0.13983154,0.09715271,0.008850098
1453096769218,0.1169281,0.04927063,-0.048675537
1453096769244,0.12617493,0.08796692,-0.18734741
1453096769259,0.12814331,0.07984924,-0.20170593
1453096769283,0.11856079,0.00793457,-0.1591034
1453096769299,0.13293457,0.029251099,-0.13925171
1453096769324,0.16790771,0.08854675,-0.15785217
1453096769339,0.17663574,0.09333801,-0.19165039
1453096769362,0.1512146,0.08854675,-0.17274475
1453096769379,0.12237549,0.08149719,-0.11022949
1453096769401,0.14154053,0.052947998,-0.10493469
1453096769418,0.17608643,0.030532837,-0.15704346
1453096769439,0.17826843,0.025756836,-0.20028687
1453096769462,0.14578247,0.051254272,-0.19541931
1453096769481,0.11091614,0.055908203,-0.15652466
1453096769498,0.11946106,0.04600525,-0.11767578
1453096769521,0.1434021,0.07846069,-0.07897949
1453096769542,0.14831543,0.10267639,-0.059310913
1453096769561,0.13873291,0.08766174,-0.049301147
1453096769579,0.14352417,0.09036255,-0.04421997
1453096769605,0.17703247,0.08442688,-0.0778656
1453096769627,0.21862793,0.056777954,-0.13116455
1453096769639,0.22793579,0.033737183,-0.15499878
1453096769660,0.21258545,-0.0061950684,-0.15937805
1453096769680,0.1869812,-0.028533936,-0.16867065
1453096769700,0.15609741,5.340576E-4,-0.22114563
1453096769720,0.13508606,0.058044434,-0.26889038
1453096769739,0.092819214,0.10069275,-0.19203186
1453096769765,0.1003418,0.124801636,-0.06700134
1453096769778,0.16923523,0.14149475,4.8828125E-4
1453096769802,0.22979736,0.10525513,-0.018814087
1453096769821,0.24476624,0.06881714,-0.04840088
1453096769842,0.21231079,0.032409668,-0.11102295
1453096769858,0.19229126,0.0342865,-0.11555481
1453096769879,0.16882324,0.029205322,-0.15393066
1453096769903,0.14764404,0.029037476,-0.17294312
1453096769922,0.09376526,0.002029419,-0.17745972
1453096769940,0.1025238,-0.01260376,-0.14920044
1453096769966,0.13014221,0.0914917,-0.091781616
1453096769978,0.14282227,0.11657715,-0.096328735
1453096769999,0.16482544,0.08200073,-0.115448
1453096770019,0.17576599,0.054367065,-0.13987732
1453096770040,0.16043091,0.08418274,-0.12054443
1453096770058,0.16290283,0.08454895,-0.10595703
1453096770080,0.17662048,0.09967041,-0.15420532
1453096770101,0.15765381,0.142807,-0.21168518
1453096770121,0.11343384,0.0712738,-0.21635437
1453096770143,0.09788513,-0.0055999756,-0.16841125
1453096770161,0.11135864,0.021820068,-0.14402771
1453096770181,0.14958191,0.06944275,-0.14884949
1453096770201,0.16081238,0.08808899,-0.1250763
1453096770222,0.114852905,0.08206177,-0.07182312
1453096770241,0.09611511,0.056854248,-0.071121216
1453096770262,0.13896179,0.091049194,-0.11891174
1453096770281,0.16667175,0.10543823,-0.13798523
1453096770302,0.17384338,0.032699585,-0.11923218
1453096770321,0.18125916,-0.002960205,-0.08576965
1453096770345,0.18022156,0.034439087,-0.11880493
1453096770362,0.15794373,0.044830322,-0.20025635
1453096770381,0.10494995,0.013214111,-0.22447205
1453096770406,0.088516235,0.01914978,-0.18109131
1453096770420,0.12602234,0.026977539,-0.14241028
1453096770440,0.16285706,0.03276062,-0.1374054
1453096770460,0.17042542,0.07066345,-0.118133545
1453096770484,0.16333008,0.108047485,-0.10368347
1453096770502,0.15623474,0.09727478,-0.094055176
1453096770520,0.15048218,0.055923462,-0.09378052
1453096770547,0.15588379,0.05053711,-0.10826111
1453096770561,0.1608429,0.075408936,-0.108688354
1453096770580,0.13963318,0.092178345,-0.11355591
1453096770600,0.123535156,0.080566406,-0.12271118
1453096770619,0.13635254,0.029708862,-0.13676453
1453096770645,0.14926147,-0.014511108,-0.14204407
1453096770659,0.13456726,0.03642273,-0.12783813
1453096770680,0.11401367,0.07899475,-0.10334778
1453096770701,0.11274719,0.064071655,-0.103302
1453096770722,0.12106323,0.068344116,-0.12719727
1453096770741,0.1244812,0.08206177,-0.13194275
1453096770764,0.13883972,0.076553345,-0.13201904
1453096770782,0.14337158,0.07577515,-0.10812378
1453096770804,0.12257385,0.07028198,-0.10328674
1453096770822,0.097335815,0.07110596,-0.13661194
1453096770846,0.09147644,0.06288147,-0.1890564
1453096770862,0.12390137,0.03250122,-0.19392395
1453096770886,0.1546936,0.04800415,-0.14131165
1453096770904,0.13075256,0.10668945,-0.116744995
1453096770923,0.10202026,0.15193176,-0.14474487
1453096770942,0.10961914,0.18847656,-0.13996887
1453096770964,0.21598816,0.24658203,-0.016220093
1453096770982,0.45376587,0.36735535,0.26789856
1453096771000,0.763916,0.67549133,0.826416
1453096771019,0.9524994,0.81726074,1.2486572
1453096771042,1.7535248,0.70658875,3.2912598
1453096771061,2.220047,0.20713806,4.1749725
1453096771082,3.4943085,-1.9903412,5.5005493
1453096771102,3.681244,-2.7219086,4.9361267
1453096771120,1.3661652,-2.3520508,0.469162
1453096771140,0.41140747,-1.4067383,-1.61409
1453096771167,-1.8025208,0.81562805,-6.0815125
1453096771183,-3.6391602,2.6277313,-10.209183
1453096771201,-4.354645,3.87146,-12.609314
1453096771220,-3.4922638,4.655533,-11.835205
1453096771241,-1.9709167,3.215393,-7.9673767
1453096771263,-0.5063629,-1.436966,-2.9277344
1453096771283,1.054184,-5.75766,1.4743958
1453096771303,2.2470398,-5.6892853,4.804428
1453096771327,2.7368317,-2.4755096,7.123749
1453096771342,3.2567902,0.14057922,7.428314
1453096771367,3.5258636,1.5163879,5.6426544
1453096771383,2.7626495,2.2737122,3.3260956
1453096771404,1.5500336,2.0903473,1.521637
1453096771422,0.59750366,1.2303162,0.30026245
1453096771446,-0.027496338,0.4175415,-0.54507446
1453096771462,-0.28503418,-0.19718933,-1.1595459
1453096771486,-0.19515991,-0.6231079,-1.6601257
1453096771501,-0.013580322,-0.71203613,-1.9957428
1453096771523,0.0074768066,-0.38883972,-2.032135
1453096771542,-0.16345215,-0.004547119,-1.7312012
1453096771564,-0.2940216,0.069366455,-1.0853271
1453096771582,-0.21670532,0.031326294,-0.28642273
1453096771607,-0.029876709,0.07527161,0.35507202
1453096771632,0.1512909,0.111312866,0.7234802
1453096771642,0.28373718,0.12243652,0.83226013
1453096771664,0.41151428,0.14834595,0.752594
1453096771682,0.5651398,0.20303345,0.5503845
1453096771702,0.62031555,0.28797913,0.2703247
1453096771723,0.48046875,0.3008728,-0.056655884
1453096771741,0.2675476,0.16197205,-0.3782196
1453096771767,0.13674927,0.030288696,-0.58958435
1453096771783,0.09777832,-0.015106201,-0.6422882
1453096771801,0.1473999,-0.099853516,-0.5706024
1453096771820,-0.008468628,0.022109985,-0.3913269
1453096771841,0.01725769,0.08100891,-0.24674988
1453096771860,0.0062561035,0.23851013,-0.11152649
1453096771887,-0.023422241,0.33792114,0.01876831
1453096771906,-0.04399109,0.28085327,0.1104126
1453096771925,9.613037E-4,0.23103333,0.13439941
1453096771940,0.08274841,0.31152344,0.09114075
1453096771963,0.11407471,0.36495972,-0.009552002
1453096771986,0.07272339,0.3013153,-0.12004089
1453096772005,0.033218384,0.24082947,-0.19691467
1453096772020,0.041992188,0.2097168,-0.19773865
1453096772043,0.062438965,0.19894409,-0.107177734
1453096772061,0.06512451,0.2263794,-0.059249878
1453096772084,0.050231934,0.27285767,-0.0874939
1453096772102,0.037490845,0.2617798,-0.11178589
1453096772123,0.04286194,0.22827148,-0.074142456
1453096772142,0.055343628,0.182724,-0.035949707
1453096772168,0.07841492,0.12820435,-0.08457947
1453096772185,0.08076477,0.13197327,-0.12382507
1453096772203,0.042785645,0.26853943,-0.17202759
1453096772224,0.03668213,0.3030548,-0.14842224
1453096772243,0.14834595,0.39068604,-0.083480835
1453096772264,0.21487427,0.42269897,0.019744873
1453096772283,0.4955597,0.8760834,1.217041
1453096772304,0.743103,1.0555725,1.9075012
1453096772323,1.6811981,0.953598,4.051941
1453096772344,2.001068,0.79447937,4.5186005
1453096772363,2.7223969,-0.062149048,4.69339
1453096772383,3.3283234,-1.632721,4.2250824
1453096772402,2.801712,-1.3417206,3.1791992
1453096772421,1.489502,-0.2124939,0.9795227
1453096772441,0.38641357,-0.40324402,-2.2070313
1453096772461,-0.29127502,-0.6670685,-5.2245026
1453096772487,-0.9827728,0.0026855469,-7.249893
1453096772501,-1.6846924,0.82102966,-8.316406
1453096772522,-2.1941528,1.4078217,-8.613754
1453096772541,-2.507721,1.9311371,-7.6705017
1453096772565,-2.255188,1.7232513,-5.253311
1453096772582,-1.2758484,0.55314636,-2.4532318
1453096772602,-0.19291687,-0.3191223,-0.16369629
1453096772627,0.43302917,-0.027938843,1.4728394
1453096772651,0.5962372,0.541214,2.6406097
1453096772661,0.8972473,0.13381958,3.507309
1453096772682,1.4503326,-0.54766846,3.8231049
1453096772701,1.560318,-0.37208557,3.5461884
1453096772724,1.2712555,0.13517761,2.736084
1453096772741,1.0135803,0.26075745,1.5501709
1453096772763,0.71139526,0.2711029,0.38546753
1453096772785,0.3253479,0.4781952,-0.38090515
1453096772804,0.049682617,0.61087036,-0.7338562
1453096772827,-0.06945801,0.54182434,-0.86613464
1453096772845,-0.11695862,0.35691833,-0.7778473
1453096772864,-0.11175537,0.06916809,-0.51348877
1453096772885,-0.15116882,-0.11578369,-0.21646118
1453096772904,-0.26280212,-0.091537476,-0.0038909912
1453096772925,-0.2135315,-0.12780762,0.05508423
1453096772944,0.012191772,-0.13554382,0.041244507
1453096772965,0.12231445,0.088974,0.024337769
1453096772981,0.106658936,0.26470947,-0.0104522705
1453096773002,0.15075684,0.263031,-0.086013794
1453096773021,0.16470337,0.3690033,-0.2102356
1453096773042,0.11155701,0.51916504,-0.29988098
1453096773062,0.13615417,0.44561768,-0.33302307
1453096773085,0.17860413,0.25300598,-0.3098755
1453096773104,0.141922,0.21098328,-0.23313904
1453096773124,0.11317444,0.2574005,-0.1786499
1453096773145,0.11932373,0.18173218,-0.16357422
1453096773163,0.08287048,0.1006012,-0.11505127
1453096773185,0.042236328,0.09915161,-0.04623413
1453096773208,0.05354309,0.08226013,0.041671753
1453096773227,0.09098816,0.031982422,0.114852905
1453096773243,0.12953186,0.023117065,0.100234985
1453096773262,0.15325928,0.15548706,0.09100342
1453096773283,0.1472168,0.26689148,0.12669373
1453096773304,0.17868042,0.15100098,0.11291504
1453096773328,0.23233032,0.0043182373,0.06323242
1453096773342,0.23272705,0.08320618,0.004348755
1453096773365,0.17669678,0.31033325,-0.09124756
1453096773384,0.13504028,0.3939972,-0.1330719
1453096773405,0.04840088,0.3096466,-0.2477417
1453096773424,0.037139893,0.2629547,-0.30662537
1453096773448,-0.002746582,0.38206482,-0.43025208
1453096773464,-0.020721436,0.4013672,-0.41960144
1453096773490,-0.03263855,0.3526001,-0.2657318
1453096773506,-0.043182373,0.37345886,-0.1772461
1453096773524,-0.03869629,0.37297058,0.05126953
1453096773548,0.018005371,0.31358337,0.43536377
1453096773566,0.15219116,0.51594543,1.1053162
1453096773586,0.4316101,0.9452667,2.0374756
1453096773603,0.9253845,1.0722809,2.9132385
1453096773622,1.5730438,0.6572113,3.3886719
1453096773651,2.2145844,0.276886,3.2178345
1453096773669,2.454773,0.25758362,2.315857
1453096773683,2.0763245,0.1149292,0.85902405
1453096773703,1.4378052,-0.35461426,-0.87950134
1453096773725,0.8086853,-0.87072754,-2.6047974
1453096773743,0.1663971,-1.0513458,-3.9006195
1453096773770,-0.49917603,-0.73843384,-4.622696
1453096773789,-1.1193237,-0.2744751,-4.9664
1453096773808,-1.6519623,0.11505127,-5.0248566
1453096773822,-2.065918,0.44137573,-4.6706085
1453096773849,-2.2532043,0.3980255,-3.6175995
1453096773867,-1.8851624,-0.13186646,-2.1509552
1453096773885,-1.0996704,-0.29515076,-1.0837402
1453096773902,-0.6317749,0.23277283,-0.3145752
1453096773923,-0.3206482,0.3855896,0.6936798
1453096773943,0.32322693,-0.15612793,1.7394867
1453096773969,0.9942322,-0.45533752,2.6100159
1453096773988,1.4492035,-0.03538513,3.0488892
1453096774004,1.7829132,0.4393921,3.0821533
1453096774022,2.0868835,0.22904968,3.0279694
1453096774044,2.1792297,-0.05307007,2.8317719
1453096774064,1.6634216,0.29745483,2.311081
1453096774086,0.870636,0.6141205,1.3575745
1453096774105,0.37355042,0.48104858,0.078430176
1453096774124,0.065338135,0.44163513,-1.1425629
1453096774147,-0.3165741,0.723526,-2.144333
1453096774168,-0.7269745,1.0177307,-2.9168243
1453096774184,-1.0455322,1.1293335,-3.3527222
1453096774209,-1.2419434,1.0575867,-3.3089294
1453096774225,-1.2311554,0.6962738,-2.612503
1453096774244,-0.8233032,0.13206482,-1.5496674
1453096774263,-0.2809143,-0.17260742,-0.5525665
1453096774288,0.05558777,-0.20654297,0.3642273
1453096774306,0.33702087,-0.318985,1.1620941
1453096774328,0.65467834,-0.6117554,1.73732
1453096774347,0.9168701,-0.776886,1.9781036
1453096774370,1.0230408,-0.4693756,1.6998901
1453096774389,0.894577,0.1524353,1.0653687
1453096774407,0.6786804,0.6104584,0.35601807
1453096774428,0.46310425,0.71810913,-0.19213867
1453096774448,0.28651428,0.6504822,-0.49900818
1453096774466,0.13482666,0.6145935,-0.5443573
1453096774484,0.0031738281,0.66752625,-0.45289612
1453096774507,-0.031066895,0.51893616,-0.3231964
1453096774530,0.05934143,0.06806946,-0.037857056
1453096774548,0.11500549,-0.1661377,0.14112854
1453096774564,0.21133423,-0.34954834,0.46116638
1453096774588,0.21531677,-0.30213928,0.44200134
1453096774609,0.19430542,-0.042037964,0.10282898
1453096774624,0.15519714,0.070999146,-0.04875183
1453096774656,0.003692627,0.2850647,-0.44487
1453096774664,-0.0048217773,0.33285522,-0.50653076
1453096774687,0.09075928,0.44030762,-0.48184204
1453096774704,0.112350464,0.4823761,-0.4580841
1453096774727,0.10543823,0.55781555,-0.38565063
1453096774746,0.073776245,0.46176147,-0.2742157
1453096774765,0.12948608,0.193573,-0.16383362
1453096774790,0.22601318,-0.06690979,-0.015533447
1453096774805,0.31750488,-0.24107361,0.09719849
1453096774823,0.3270874,-0.09965515,0.09979248
1453096774844,0.18623352,0.24098206,0.017044067
1453096774866,0.057296753,0.19802856,-0.061340332
1453096774889,0.10974121,-0.12249756,-0.09953308
1453096774907,0.16972351,0.046066284,-0.07493591
1453096774931,0.10159302,0.5687256,-0.060302734
1453096774950,0.1347351,0.5713043,-0.16461182
1453096774969,0.2670288,0.24002075,-0.22181702
1453096774988,0.21359253,0.22090149,-0.1337738
1453096775005,0.09098816,0.19889832,-0.021087646
1453096775024,0.13337708,0.008544922,0.037857056
1453096775046,0.15409851,0.13858032,0.046539307
1453096775065,0.11895752,0.35679626,-0.0068359375
1453096775086,0.22683716,0.19352722,-0.09199524
1453096775105,0.3095703,-0.034561157,-0.068862915
1453096775127,0.22259521,-0.08444214,-0.025543213
1453096775144,0.11729431,-0.0047912598,-0.14161682
1453096775166,0.05807495,0.20024109,-0.26470947
1453096775186,0.087402344,0.28729248,-0.32943726
1453096775205,0.1665039,0.23573303,-0.3436432
1453096775226,0.1638794,0.2069397,-0.25151062
1453096775252,0.12394714,0.16104126,-0.13475037
1453096775269,0.09642029,0.12814331,-0.09915161
1453096775289,0.08692932,0.090408325,-0.13096619
1453096775306,0.10232544,0.052001953,-0.10548401
1453096775329,0.14453125,0.033996582,-0.05567932
1453096775347,0.18315125,0.036468506,-0.059158325
1453096775371,0.19647217,0.09881592,-0.08178711
1453096775384,0.14707947,0.19715881,-0.11286926
1453096775405,0.055252075,0.25579834,-0.15258789
1453096775424,0.022567749,0.24327087,-0.20211792
1453096775451,0.037582397,0.22906494,-0.25256348
1453096775470,0.019897461,0.2897644,-0.2680359
1453096775490,0.018325806,0.33103943,-0.30581665
1453096775506,0.049942017,0.29759216,-0.36376953
1453096775528,0.051589966,0.2649994,-0.33935547
1453096775545,0.07092285,0.16947937,-0.2217865
1453096775571,0.15927124,-0.015014648,-0.15541077
1453096775586,0.2093811,-0.060317993,-0.15168762
1453096775611,0.19132996,0.046295166,-0.121658325
1453096775638,0.14437866,0.048950195,0.010040283
1453096775646,0.1887207,-0.18673706,0.17730713
1453096775665,0.3085327,-0.32141113,0.22419739
1453096775688,0.2689209,-0.032608032,0.10487366
1453096775706,0.102996826,0.3211975,-0.11061096
1453096775727,0.08390808,0.36109924,-0.26068115
1453096775745,0.118652344,0.32084656,-0.27812195
1453096775766,0.115737915,0.30293274,-0.37738037
1453096775785,0.040390015,0.35083008,-0.4671173
1453096775812,-0.20353699,0.69436646,-0.88752747
1453096775826,-0.3274994,0.8708496,-1.054245
1453096775845,-0.7317047,1.4231873,-1.7275391
1453096775866,-0.9412079,1.6721497,-2.019699
1453096775889,-1.206543,1.8372345,-2.3870697
1453096775906,-1.1351929,1.2685242,-2.1105347
1453096775930,-0.51257324,0.52137756,-1.9164276
1453096775946,0.08143616,0.36354065,-1.8630219
1453096775966,0.10800171,0.4521637,-1.1501923
1453096775985,-0.19137573,0.19039917,0.013977051
1453096776006,-0.2904358,-0.8243103,0.91796875
1453096776025,0.16140747,-1.9654846,1.1713715
1453096776047,0.69996643,-1.8159485,0.8376007
1453096776066,0.6451721,-0.6071167,0.5877533
1453096776088,0.46713257,0.09788513,0.79748535
1453096776106,0.66615295,-0.040100098,0.98127747
1453096776126,0.98335266,-0.24508667,1.2827148
1453096776150,1.2540741,-0.119522095,1.9518738
1453096776169,1.5139313,-0.065826416,2.2243042
1453096776187,1.522049,-0.21885681,1.6753082
1453096776209,1.106369,-0.3280182,0.6274719
1453096776227,0.5579834,-0.3218689,-0.40275574
1453096776251,0.1743164,-0.11740112,-1.0146179
1453096776268,-0.03945923,0.19647217,-1.0515594
1453096776291,-0.10131836,0.29266357,-0.58361816
1453096776307,-0.030181885,0.115600586,0.03475952
1453096776333,0.08685303,0.0031738281,0.39076233
1453096776348,0.14077759,0.14367676,0.38438416
1453096776368,0.14201355,0.229599,0.19787598
1453096776387,0.18403625,0.124420166,-0.05192566
1453096776411,0.19361877,0.102127075,-0.296875
1453096776426,0.12832642,0.22792053,-0.41116333
1453096776446,0.1053009,0.35360718,-0.3802948
1453096776469,0.119506836,0.39852905,-0.2830658
1453096776491,0.15826416,0.28704834,-0.2132721
1453096776513,0.25604248,0.07546997,-0.17996216
1453096776526,0.33744812,-0.048477173,-0.15473938
1453096776548,0.296463,-0.03126526,-0.13113403
1453096776566,0.20652771,0.054763794,-0.10295105
1453096776587,0.15808105,0.12083435,-0.07417297
1453096776606,0.13583374,0.11314392,-0.049438477
1453096776626,0.1334076,0.068618774,-0.029434204
1453096776648,0.16758728,0.068573,-0.039352417
1453096776666,0.19104004,0.13127136,-0.096466064
1453096776688,0.16986084,0.18463135,-0.20179749
1453096776708,0.12161255,0.20222473,-0.2642517
1453096776729,0.07406616,0.18380737,-0.2188263
1453096776752,0.06616211,0.12660217,-0.15498352
1453096776769,0.09262085,0.07948303,-0.134552
1453096776787,0.11244202,0.05923462,-0.1686554
1453096776811,0.09712219,0.08743286,-0.22332764
1453096776828,0.03479004,0.14068604,-0.23271179
1453096776851,-2.1362305E-4,0.17453003,-0.22233582
1453096776868,0.015274048,0.17301941,-0.1993103
1453096776891,0.04270935,0.14082336,-0.1648407
1453096776907,0.057785034,0.12049866,-0.15588379
1453096776932,0.08041382,0.08999634,-0.14016724
1453096776950,0.070114136,0.08547974,-0.13975525
1453096776968,0.05479431,0.12271118,-0.17306519
1453096776988,0.048568726,0.15974426,-0.17266846
1453096777007,0.06484985,0.19552612,-0.14678955
1453096777026,0.0821228,0.17266846,-0.13124084
1453096777049,0.11856079,0.10383606,-0.091308594
1453096777067,0.13131714,0.07434082,-0.051239014
1453096777090,0.13171387,0.09094238,-0.025802612
1453096777106,0.10191345,0.066207886,-0.011108398
1453096777127,0.11174011,3.5095215E-4,0.0118255615
1453096777146,0.22921753,-0.0022125244,0.09022522
1453096777167,0.43110657,0.11520386,0.30259705
1453096777186,0.6429138,0.36105347,0.60214233
1453096777207,0.9115448,0.5598297,0.9099579
1453096777229,1.2700043,0.6238098,1.0682831
1453096777248,1.5505066,0.5443573,1.2417145
1453096777268,1.7766571,0.29962158,1.7920074
1453096777287,2.0696716,-0.026611328,2.3452606
1453096777313,2.315277,-0.3717041,2.4300995
1453096777330,2.5387726,-0.4267273,2.1590576
1453096777349,2.6374664,0.0028839111,1.8400116
1453096777371,2.3889313,0.45401,1.379242
1453096777391,1.9696045,0.3253479,0.60046387
1453096777410,1.5664673,-0.1365509,-0.3597107
1453096777432,1.1434937,0.034179688,-1.3969116
1453096777450,0.5944977,0.75445557,-2.3253784
1453096777471,-0.026275635,1.0624695,-2.7983093
1453096777489,-0.41912842,0.6201477,-2.8698273
1453096777510,-0.507843,-0.09410095,-2.8798523
1453096777530,-0.59980774,-0.3658905,-2.9478607
1453096777552,-0.8459778,0.05960083,-2.9429016
1453096777573,-1.0925598,0.72662354,-2.8174286
1453096777588,-1.1844177,0.89390564,-2.473999
1453096777613,-1.1236267,0.5131531,-1.8126678
1453096777626,-0.9436035,0.105163574,-1.1544495
1453096777647,-0.6285095,-0.24928284,-0.81695557
1453096777668,-0.3729248,-0.39537048,-0.51945496
1453096777688,-0.3415985,-0.0071258545,-0.10209656
1453096777706,-0.3227234,0.34403992,0.099121094
1453096777727,-0.19155884,0.16238403,0.054870605
1453096777747,-0.014907837,-0.1411438,-0.048217773
1453096777767,0.17462158,-0.2620697,-0.12641907
1453096777786,0.22050476,-0.036499023,-0.002960205
1453096777807,0.10845947,0.39138794,0.10462952
1453096777826,0.020050049,0.45457458,-0.010513306
1453096777848,0.02104187,0.13291931,-0.080566406
1453096777867,0.1131897,-0.16503906,-0.075042725
1453096777888,0.14598083,-0.103530884,-0.08584595
1453096777906,-0.00894165,0.35258484,-0.051071167
1453096777927,-0.15187073,0.5672455,-0.026641846
1453096777946,-0.065093994,0.1834259,-0.0030517578
1453096777968,0.038101196,-0.14001465,0.05253601
1453096777986,-0.049224854,5.493164E-4,0.076828
1453096778008,-0.112701416,0.16098022,0.03062439
1453096778027,-0.009796143,0.11717224,-0.048568726
1453096778049,0.07102966,0.10777283,-0.0892334
1453096778067,0.11079407,0.13726807,-0.115356445
1453096778088,0.12556458,0.15097046,-0.10231018
1453096778107,0.09373474,0.18548584,-0.07215881
1453096778128,0.02229309,0.15963745,-0.012741089
1453096778147,0.04472351,0.10588074,-0.027297974
1453096778168,0.14842224,0.18763733,-0.060653687
1453096778187,0.13128662,0.25701904,-0.07435608
1453096778208,0.074783325,0.3300476,-0.09309387
1453096778227,0.05381775,0.32066345,-0.08807373
1453096778248,0.05531311,0.25837708,-0.09863281
1453096778267,0.061782837,0.25473022,-0.14353943
1453096778288,0.036880493,0.30104065,-0.19265747
1453096778307,0.014266968,0.3075714,-0.25161743
1453096778328,-0.03640747,0.3827057,-0.3088684
1453096778347,-0.07762146,0.41970825,-0.36097717
1453096778368,-0.04156494,0.36380005,-0.4216919
1453096778388,-0.06072998,0.49595642,-0.521286
1453096778409,-0.20898438,0.9496765,-0.75445557
1453096778427,-0.35684204,1.5108032,-1.0477753
1453096778448,-0.47909546,1.9820404,-1.2342529
1453096778472,-0.6282501,2.3354187,-1.3802948
1453096778494,-0.69825745,2.3957825,-1.5211182
1453096778510,-0.5679016,2.177597,-1.6392975
1453096778528,-0.35964966,1.8660126,-1.7213745
1453096778551,-0.16944885,1.4775085,-1.4904633
1453096778571,0.11213684,1.055603,-0.84646606
1453096778587,0.39857483,0.8945923,-0.42282104
1453096778609,0.4161377,0.8456421,-0.535141
1453096778629,0.29776,0.3859253,-0.46759033
1453096778649,0.39796448,-0.64823914,-0.035736084
1453096778668,0.6791992,-1.5291901,0.4980011
1453096778689,0.9419861,-1.5576782,1.151886
1453096778709,0.9608002,-1.5085754,1.5042114
1453096778730,0.87298584,-1.8030701,1.1713867
1453096778750,0.8387146,-1.9005585,0.5933838
1453096778769,0.7938843,-1.5092316,0.1913147
1453096778790,0.7045288,-1.0827179,0.1315918
1453096778810,0.4501648,-0.64790344,0.23529053
1453096778831,0.36203003,0.09384155,0.4170227
1453096778855,0.5651245,0.20846558,0.89723206
1453096778869,0.82948303,-0.61325073,1.3730164
1453096778895,0.7325287,-0.802124,1.2725677
1453096778909,0.42825317,-0.30621338,0.4715271
1453096778935,0.15351868,-0.05543518,-0.1265564
1453096778950,-0.11512756,0.045639038,-0.042037964
1453096778971,-0.18832397,0.16537476,0.24880981
1453096778993,-0.037368774,0.25109863,0.38830566
1453096779009,0.111068726,0.29466248,0.46507263
1453096779029,0.12387085,0.32203674,0.51130676
1453096779049,0.07307434,0.25842285,0.3890686
1453096779068,0.096466064,0.1561737,0.13349915
1453096779091,0.15414429,0.14031982,-0.029754639
1453096779113,0.12753296,0.17860413,-0.020828247
1453096779136,0.064712524,0.21672058,0.059127808
1453096779151,0.06719971,0.2130127,0.061965942
1453096779170,0.12159729,0.14839172,-0.095703125
1453096779193,0.13697815,0.07846069,-0.30596924
1453096779211,0.11149597,0.029571533,-0.38865662
1453096779231,0.10798645,0.030303955,-0.27220154
1453096779253,0.121292114,0.1348877,-0.10598755
1453096779268,0.12261963,0.19812012,-0.074142456
1453096779291,0.053726196,0.26635742,-0.13685608
1453096779309,0.028060913,0.24664307,-0.14750671
1453096779332,0.036499023,0.16818237,-0.09649658
1453096779349,0.054748535,0.13960266,-0.07368469
1453096779370,0.08377075,0.16514587,-0.07807922
1453096779393,0.07170105,0.16438293,-0.09828186
1453096779411,0.047042847,0.13954163,-0.10310364
1453096779430,0.05570984,0.15258789,-0.05531311
1453096779456,0.05001831,0.17134094,-0.031173706
1453096779472,0.039596558,0.16467285,-0.07785034
1453096779495,0.04827881,0.15040588,-0.14932251
1453096779509,0.066482544,0.13316345,-0.19776917
1453096779534,0.08442688,0.16578674,-0.18325806
1453096779550,0.07810974,0.18687439,-0.11985779
1453096779576,0.052886963,0.15289307,-0.062072754
1453096779592,0.037750244,0.11340332,-0.038238525
1453096779612,0.04194641,0.13771057,-0.07142639
1453096779629,0.055496216,0.1685791,-0.10398865
1453096779657,0.083114624,0.1539154,-0.09890747
1453096779669,0.11538696,0.12767029,-0.06565857
1453096779690,0.12539673,0.10144043,-0.034500122
1453096779709,0.10437012,0.060058594,0.003616333
1453096779732,0.09942627,2.1362305E-4,0.07673645
1453096779751,0.15559387,-0.13916016,0.29641724
1453096779770,0.29930115,-0.5129547,0.68608093
1453096779789,0.41081238,-0.9641571,1.0005035
1453096779816,0.43521118,-1.2341461,1.0487823
1453096779832,0.49188232,-1.4641876,0.9046631
1453096779852,0.56073,-1.6502533,0.7970276
1453096779872,0.6156769,-1.8559875,0.6928253
1453096779893,0.82310486,-1.970871,0.56903076
1453096779909,1.0555878,-1.8611908,0.67655945
1453096779934,1.1875,-1.8619843,0.8527374
1453096779952,1.2945404,-1.8358154,0.75549316
1453096779970,1.3956909,-1.6030579,0.5015259
1453096779989,1.4716034,-1.2760773,0.21266174
1453096780010,1.4646606,-0.9033966,-0.054840088
1453096780029,1.5009308,-0.55981445,-0.2800598
1453096780055,1.6392517,-0.33522034,-0.72732544
1453096780070,1.4797974,0.20567322,-1.2128448
1453096780092,1.0241547,0.9668579,-1.2984924
1453096780110,0.78704834,1.359909,-1.2804108
1453096780134,0.6954346,1.5168457,-1.546402
1453096780151,0.45140076,1.7529297,-1.8848419
1453096780176,0.18969727,1.9960785,-1.97612
1453096780192,0.025787354,2.2474365,-1.788208
1453096780214,-0.07382202,2.184494,-1.3897095
1453096780232,0.013961792,1.7537689,-1.0013885
1453096780254,0.13478088,1.6080475,-0.97117615
1453096780269,-0.04360962,1.822525,-1.1226959
1453096780292,-0.25090027,1.7161255,-1.0688324
1453096780309,-0.1257019,1.025238,-0.8388519
1453096780333,0.045318604,0.5967407,-0.6953125
1453096780351,-0.03614807,0.9209137,-0.65740967
1453096780376,-0.051193237,1.0921173,-0.60066223
1453096780391,0.20957947,0.52059937,-0.38276672
1453096780414,0.45103455,-0.0113220215,-0.09692383
1453096780431,0.3831482,0.1550293,-0.0256958
1453096780453,0.10646057,0.6838074,-0.07824707
1453096780470,0.0025939941,0.8177185,-0.07751465
1453096780493,0.25679016,-0.009170532,0.07493591
1453096780511,0.36349487,-0.25074768,0.12187195
1453096780532,0.21046448,0.25248718,0.12683105
1453096780553,0.1320343,0.5029602,0.036849976
1453096780572,0.17886353,0.39689636,-0.22544861
1453096780590,0.19322205,0.26055908,-0.22029114
1453096780611,0.2250824,0.046524048,-0.20144653
1453096780636,0.24369812,0.06491089,-0.2928772
1453096780651,0.14509583,0.3542328,-0.3553009
1453096780670,0.10165405,0.44754028,-0.3121338
1453096780691,0.19398499,0.2144928,-0.21218872
1453096780711,0.28730774,0.037460327,-0.13659668
1453096780731,0.25001526,0.09609985,-0.036468506
1453096780750,0.20993042,0.16015625,0.04975891
1453096780773,0.24328613,0.08187866,0.025970459
1453096780793,0.24909973,0.015686035,-0.036331177
1453096780814,0.2158966,0.08306885,-0.0697937
1453096780830,0.18551636,0.18713379,-0.07939148
1453096780851,0.19006348,0.21902466,-0.09870911
1453096780870,0.19664001,0.22125244,-0.13723755
1453096780891,0.21331787,0.22525024,-0.15177917
1453096780918,0.23828125,0.23867798,-0.13729858
1453096780935,0.20207214,0.28494263,-0.12258911
1453096780951,0.19262695,0.16552734,-0.15153503
1453096780977,0.24578857,0.03425598,-0.2000885
1453096780992,0.16970825,0.25045776,-0.19494629
1453096781012,0.10328674,0.42625427,-0.19895935
1453096781030,0.2467804,0.29330444,-0.29496765
1453096781052,0.3078308,0.43269348,-0.36721802
1453096781071,0.18025208,0.8539276,-0.32333374
1453096781093,0.17538452,0.9914551,-0.32240295
1453096781111,0.24565125,1.1350708,-0.44137573
1453096781132,0.129776,1.6979675,-0.6104126
1453096781150,0.03765869,2.2486725,-0.8238983
1453096781174,0.11538696,2.3851624,-0.95906067
1453096781192,0.22077942,2.141388,-0.88075256
1453096781218,0.3143921,1.8273773,-0.7038269
1453096781234,0.37124634,1.7572327,-0.58781433
1453096781253,0.38241577,1.785553,-0.6087494
1453096781270,0.30906677,1.7016754,-0.7216339
1453096781296,0.13459778,1.1459198,-0.5557556
1453096781311,0.18519592,-0.14161682,-0.2277832
1453096781335,0.3768463,-1.0079956,-0.11427307
1453096781353,0.27197266,-0.39949036,-0.11842346
1453096781372,0.15428162,0.53144836,-0.16275024
1453096781391,0.2917633,0.44200134,-0.20890808
1453096781412,0.42308044,-0.4072876,-0.20169067
1453096781431,0.5205078,-1.2460938,-0.016448975
1453096781458,0.64901733,-1.437027,0.3121643
1453096781472,0.61073303,-0.8656616,0.45004272
1453096781492,0.4660797,-0.434021,0.3972931
1453096781511,0.5861511,-0.7651825,0.33590698
1453096781545,0.7748413,-1.379242,0.31918335
1453096781564,0.6593323,-1.5811462,0.4187317
1453096781572,0.42359924,-1.2481842,0.5051422
1453096781591,0.2979889,-0.8890686,0.41203308
1453096781612,0.25543213,-0.94088745,0.19760132
1453096781631,0.24671936,-1.0190735,0.110824585
1453096781658,0.21672058,-0.82107544,-0.073532104
1453096781671,0.19277954,-0.60328674,-0.13755798
1453096781692,0.1552124,-0.11364746,-0.24151611
1453096781712,0.15124512,-0.052627563,-0.23976135
1453096781732,0.12786865,0.12371826,-0.15600586
1453096781751,0.1255951,0.22251892,-0.123413086
1453096781774,0.2147522,0.3868103,-0.078186035
1453096781795,0.20866394,0.42311096,-0.07116699
1453096781814,0.15055847,0.42182922,-0.06416321
1453096781836,0.17073059,0.3454132,-0.03425598
1453096781858,0.24534607,0.35594177,-0.009963989
1453096781877,0.25146484,0.35295105,-0.012939453
1453096781895,0.209198,0.25915527,-0.038497925
1453096781913,0.1577301,0.19969177,-0.03919983
1453096781938,0.1529541,0.16607666,-0.034423828
1453096781954,0.17442322,0.12521362,-0.04170227
1453096781975,0.13356018,0.10054016,-0.08692932
1453096781993,0.0695343,0.0949707,-0.18026733
1453096782013,0.044052124,0.15400696,-0.24707031
1453096782033,0.07498169,0.18927002,-0.24516296
1453096782052,0.14996338,0.13250732,-0.21670532
1453096782072,0.17559814,0.16371155,-0.22583008
1453096782094,0.13150024,0.21540833,-0.22434998
1453096782113,0.10548401,0.18045044,-0.13168335
1453096782133,0.09938049,0.11778259,-0.031692505
1453096782153,0.09140015,0.12528992,-0.035949707
1453096782175,0.113601685,0.20759583,-0.08230591
1453096782196,0.16654968,0.20018005,-0.087646484
1453096782214,0.1815033,0.17111206,-0.0670166
1453096782235,0.12644958,0.2714386,-0.04295349
1453096782253,0.08520508,0.2915802,-0.07850647
1453096782274,0.103775024,0.16835022,-0.13780212
1453096782293,0.084228516,0.087875366,-0.15498352
1453096782312,0.060913086,0.12080383,-0.1696167
1453096782333,0.08860779,0.1669159,-0.2062378
1453096782355,0.13471985,0.12460327,-0.21429443
1453096782378,0.13320923,0.04534912,-0.19041443
1453096782397,0.079559326,0.04335022,-0.17134094
1453096782413,0.036026,0.11793518,-0.13975525
1453096782436,0.05368042,0.13049316,-0.122177124
1453096782456,0.12109375,0.070999146,-0.12608337
1453096782473,0.15898132,0.05543518,-0.1126709
1453096782500,0.12983704,0.12908936,-0.07254028
1453096782515,0.10417175,0.1493988,-0.051315308
1453096782533,0.13105774,0.07450867,-0.047409058
1453096782553,0.15029907,0.072631836,-0.05821228
1453096782576,0.11193848,0.06260681,0.014053345
1453096782597,0.14758301,-0.342453,0.15769958
1453096782614,0.28149414,-0.78556824,0.21760559
1453096782632,0.27601624,-0.52934265,0.24246216
1453096782653,0.1993866,-0.16749573,0.30706787
1453096782673,0.34762573,-0.60801697,0.49520874
1453096782703,0.66889954,-2.0079803,0.92541504
1453096782714,1.1962585,-3.1498413,1.0002594
1453096782735,1.3563385,-2.0481873,0.66415405
1453096782754,0.614151,-0.09017944,0.6731415
1453096782774,0.38101196,-0.32899475,0.5806732
1453096782796,1.0584869,-1.2489777,-0.05656433
1453096782816,0.90174866,-0.29467773,-0.56855774
1453096782832,0.5056305,0.55722046,-0.7153778
1453096782855,-0.13470459,1.4569702,-1.2366638
1453096782873,0.14497375,1.1977997,-1.4128723
1453096782893,0.52030945,0.83662415,-1.53302
1453096782915,0.47525024,1.0648193,-1.5110016
1453096782933,-0.11633301,1.9953461,-1.3208923
1453096782952,-0.21865845,1.9493103,-1.2239685
1453096782973,-0.07434082,1.181839,-1.0233765
1453096782992,0.026306152,0.74046326,-0.74664307
1453096783013,-0.2384491,0.9348602,-0.4621277
1453096783032,-0.36340332,0.90315247,-0.32026672
1453096783053,-0.22741699,0.53038025,-0.2313385
1453096783072,-0.06437683,0.10571289,-0.11885071
1453096783094,0.104263306,-0.07699585,-0.06486511
1453096783114,0.13249207,0.11433411,-0.0541687
1453096783134,0.090026855,0.248703,-0.027389526
1453096783153,0.22499084,-0.04940796,-0.025787354
1453096783173,0.3697052,-0.28486633,-0.08407593
1453096783193,0.24261475,-0.0038452148,-0.14170837
1453096783214,0.085632324,0.23210144,-0.14463806
1453096783236,0.17121887,-0.019042969,-0.13449097
1453096783255,0.2952881,-0.2999878,-0.12628174
1453096783275,0.21714783,-0.24568176,-0.044692993
1453096783296,0.1672821,-0.48864746,0.20259094
1453096783319,0.48921204,-1.43013,0.33190918
1453096783334,0.76838684,-2.144867,0.21339417
1453096783353,0.53507996,-2.1663513,0.062179565
1453096783378,0.1461029,-2.0027618,-0.10244751
1453096783396,-0.08558655,-1.8406372,-0.28694153
1453096783417,-0.16630554,-1.4963989,-0.45166016
1453096783435,-0.09609985,-0.8260803,-0.6205902
1453096783457,0.029891968,0.0015106201,-0.6681061
1453096783475,0.20800781,0.5985565,-0.56510925
1453096783500,0.5007782,0.92240906,-0.49041748
1453096783515,0.7504883,1.2107544,-0.49705505
1453096783534,0.8171692,1.4453735,-0.4645691
1453096783553,0.7953949,1.4520416,-0.2929077
1453096783576,0.77915955,1.3036957,-0.08894348
1453096783598,0.6662903,1.3462372,-0.04385376
1453096783618,0.45318604,1.5074615,-0.083496094
1453096783637,0.3975067,1.1433716,-0.057632446
1453096783657,0.5713043,0.5601654,0.010421753
1453096783674,0.5664673,0.35205078,0.08706665
1453096783695,0.35612488,0.53105164,0.078048706
1453096783714,0.24409485,0.6014557,-0.031829834
1453096783736,0.28926086,0.35427856,-0.07392883
1453096783754,0.32244873,0.17373657,-0.07449341
1453096783776,0.261261,0.19184875,-0.11357117
1453096783793,0.21386719,0.15330505,-0.18067932
1453096783815,0.24612427,-0.0045166016,-0.2523346
1453096783838,0.27775574,-0.101119995,-0.31495667
1453096783856,0.22554016,-0.03388977,-0.30004883
1453096783873,0.19139099,-0.0062408447,-0.25561523
1453096783894,0.14819336,0.039749146,-0.338562
1453096783916,0.12734985,0.04359436,-0.45942688
1453096783935,0.19613647,-0.115753174,-0.3756256
1453096783953,0.24987793,-0.16043091,-0.16445923
1453096783993,0.31698608,-0.05305481,-0.015365601
1453096783994,0.33139038,0.018508911,0.03251648
1453096784025,0.2576294,0.042297363,-0.02053833
1453096784034,0.24391174,0.024230957,-0.05001831
1453096784063,0.19599915,-0.009124756,-0.05404663
1453096784075,0.209198,-0.09132385,-0.091552734
1453096784104,0.33232117,-0.19425964,-0.22209167
1453096784114,0.2966156,-0.08239746,-0.22651672
1453096784135,0.111343384,0.11000061,-0.19631958
1453096784155,0.114227295,0.0082092285,-0.19517517
1453096784179,0.1714325,-0.25804138,-0.21438599
1453096784194,0.15367126,-0.1846466,-0.25219727
1453096784215,0.09899902,0.032424927,-0.23118591
1453096784233,0.15925598,0.047821045,-0.21495056
1453096784255,0.2434845,-0.0073547363,-0.24739075
1453096784274,0.23945618,-0.03956604,-0.17741394
1453096784295,0.29284668,-0.19390869,-0.08453369
1453096784313,0.3622284,-0.18911743,-0.10354614
1453096784335,0.27374268,0.0803833,-0.06385803
1453096784354,0.21885681,0.11793518,0.019714355
1453096784379,0.29403687,-0.06468201,-1.2207031E-4
1453096784396,0.24969482,-0.07069397,-0.063812256
1453096784419,0.11930847,0.09339905,-0.11683655
1453096784435,0.08000183,0.1872406,-0.18878174
1453096784456,0.12913513,0.07070923,-0.24066162
1453096784474,0.2336731,-0.17707825,-0.29510498
1453096784496,0.23376465,-0.1158905,-0.2775879
1453096784518,0.10961914,0.17210388,-0.24272156
1453096784540,0.11772156,0.094818115,-0.21240234
1453096784554,0.22824097,-0.23641968,-0.11192322
1453096784575,0.22254944,-0.307312,-0.060028076
1453096784594,0.14593506,-0.07928467,-0.12687683
1453096784615,0.17144775,0.17332458,-0.28988647
1453096784647,0.2932434,0.12121582,-0.27859497
1453096784655,0.34690857,-0.20173645,0.010604858
1453096784675,0.24137878,-0.30929565,0.14787292
1453096784697,0.15847778,-0.1725769,-0.20480347
1453096784714,0.26054382,-0.11216736,-0.56025696
1453096784735,0.30378723,0.023666382,-0.37757874
1453096784754,0.21458435,-0.05128479,0.0076446533
1453096784776,0.14808655,-0.2885437,0.043533325
1453096784799,0.05239868,0.045181274,-0.32556152
1453096784819,-0.14227295,0.6065521,-0.62257385
1453096784838,-0.032485962,0.2288971,-0.5511017
1453096784857,0.30143738,-0.670105,-0.2599182
1453096784877,0.17430115,-0.9237366,-0.056884766
1453096784901,-0.10140991,-0.60232544,-0.041168213
1453096784918,0.0017242432,-0.20822144,0.056625366
1453096784939,0.15255737,0.11427307,0.22236633
1453096784958,0.18408203,0.41505432,0.074157715
1453096784979,0.23020935,0.56892395,-0.2801361
1453096784998,0.31674194,0.4164276,-0.41381836
1453096785015,0.393219,0.04206848,-0.30041504
1453096785034,0.39164734,-0.14189148,-0.17880249
1453096785059,0.25758362,-0.041366577,-0.08786011
1453096785076,0.17098999,-0.089263916,-0.01109314
1453096785098,0.2348175,-0.24664307,-0.0045776367
1453096785117,0.30566406,-0.07392883,-0.013427734
1453096785142,0.34025574,0.26530457,0.04031372
1453096785155,0.39134216,0.31176758,0.12628174
1453096785183,0.4002533,0.122558594,0.18647766
1453096785195,0.3577118,-0.0028686523,0.18981934
1453096785220,0.27624512,-0.32862854,0.11225891
1453096785240,0.30122375,-0.3533783,0.07661438
1453096785256,0.16851807,0.107910156,-0.15090942
1453096785278,0.122299194,0.23937988,-0.24694824
1453096785296,0.12713623,-0.26643372,-0.34950256
1453096785315,0.21113586,-0.52983093,-0.35087585
1453096785336,0.28094482,-0.52948,-0.36227417
1453096785359,0.112960815,-0.006011963,-0.3478546
1453096785378,-0.0056610107,0.23587036,-0.320755
1453096785398,0.13128662,-0.12475586,-0.292099
1453096785419,0.26123047,-0.4126892,-0.26179504
1453096785437,0.18019104,-0.15794373,-0.25810242
1453096785459,0.072250366,0.21350098,-0.29956055
1453096785477,0.09089661,0.20619202,-0.29792786
1453096785502,0.19352722,-0.03717041,-0.22718811
1453096785520,0.22285461,-0.025619507,-0.15110779
1453096785539,0.18392944,0.09864807,-0.08683777
1453096785560,0.2737732,-0.05532837,-0.08590698
1453096785577,0.36317444,-0.17782593,-0.12869263
1453096785601,0.31277466,-0.11282349,-0.16474915
1453096785618,0.24079895,-0.15216064,-0.21652222
1453096785637,0.17199707,-0.16529846,-0.25083923
1453096785661,0.08755493,-0.06681824,-0.25671387
1453096785676,0.07829285,0.0026550293,-0.282135
1453096785697,0.11489868,0.07470703,-0.30285645
1453096785717,0.111312866,0.16145325,-0.28364563
1453096785738,0.14576721,0.12715149,-0.2506256
1453096785757,0.22779846,0.11579895,-0.21348572
1453096785781,0.22599792,0.27153015,-0.19377136
1453096785799,0.19154358,0.32891846,-0.1531372
1453096785819,0.22166443,0.083465576,-0.04197693
1453096785836,0.25500488,-0.19360352,0.061828613
1453096785858,0.22238159,-0.18717957,0.08430481
1453096785879,0.16001892,-0.018829346,0.046463013
1453096785897,0.15371704,-0.03895569,-0.0385437
1453096785915,0.19529724,-0.1974945,-0.13404846
1453096785936,0.20114136,-0.21437073,-0.22944641
1453096785955,0.1713562,-0.09307861,-0.3195343
1453096785978,0.1269989,0.014892578,-0.337677
1453096785999,0.0974884,0.044631958,-0.25453186
1453096786017,0.1109314,-0.06021118,-0.16200256
1453096786037,0.15550232,-0.1161499,-0.15229797
1453096786057,0.13618469,0.012771606,-0.16027832
1453096786076,0.10295105,0.067214966,-0.10974121
1453096786098,0.1532135,-0.103500366,-0.051696777
1453096786118,0.21403503,-0.21447754,-0.04348755
1453096786138,0.21038818,-0.06448364,-0.08216858
1453096786158,0.18991089,0.095184326,-0.09996033
1453096786179,0.18946838,0.04826355,-0.113464355
1453096786199,0.18022156,-0.098526,-0.133255
1453096786221,0.12635803,-0.09126282,-0.14839172
1453096786238,0.09048462,0.029815674,-0.15245056
1453096786262,0.104400635,0.037719727,-0.14091492
1453096786281,0.11857605,-0.05102539,-0.1346283
1453096786297,0.10714722,-0.06851196,-0.13813782
1453096786321,0.10270691,0.01361084,-0.118011475
1453096786338,0.13293457,0.06478882,-0.089019775
1453096786359,0.1457367,0.07737732,-0.09414673
1453096786379,0.15786743,0.15281677,-0.14627075
1453096786402,0.17391968,0.13381958,-0.15029907
1453096786419,0.21485901,0.016693115,-0.19866943
1453096786436,0.20259094,0.006515503,-0.23248291
1453096786460,0.12579346,-0.0060272217,-0.3229065
1453096786477,0.10508728,-0.030258179,-0.33673096
1453096786500,0.089416504,-0.119888306,-0.2640686
1453096786516,0.10255432,-0.12059021,-0.22511292
1453096786537,0.15263367,-0.06274414,-0.20082092
1453096786556,0.14918518,0.07974243,-0.21847534
1453096786583,0.12402344,0.12463379,-0.15934753
1453096786600,0.14160156,0.0031585693,-0.043807983
1453096786622,0.18328857,-0.061325073,-0.0015258789
1453096786644,0.16249084,0.061401367,-0.053756714
1453096786661,0.12226868,0.13638306,-0.08557129
1453096786679,0.14930725,0.004043579,-0.05128479
1453096786699,0.20230103,-0.14471436,-0.06173706
1453096786718,0.19436646,-0.04701233,-0.15794373
1453096786739,0.13153076,0.14457703,-0.22807312
1453096786760,0.09945679,0.14413452,-0.23040771
1453096786778,0.098480225,-0.055404663,-0.21955872
1453096786803,0.09303284,-0.22233582,-0.23027039
1453096786822,0.07397461,-0.09446716,-0.27349854
1453096786840,0.09159851,0.12098694,-0.27581787
1453096786861,0.1570282,0.12432861,-0.24468994
1453096786880,0.17607117,-0.0105896,-0.1947937
1453096786904,0.14985657,-0.10694885,-0.1589508
1453096786918,0.13034058,-0.04801941,-0.14183044
1453096786944,0.120407104,0.069885254,-0.10923767
1453096786960,0.115478516,0.071777344,-0.081970215
1453096786980,0.12503052,0.010879517,-0.09397888
1453096786999,0.1608429,0.007583618,-0.06796265
1453096787018,0.1967926,-0.008087158,0.0013427734
1453096787038,0.19740295,-0.04751587,0.02671814
1453096787058,0.16699219,-0.043273926,-0.015182495
1453096787078,0.14161682,0.0036468506,-0.09069824
1453096787098,0.14004517,0.07577515,-0.15646362
1453096787117,0.14271545,0.09689331,-0.15493774
1453096787138,0.16461182,-0.003479004,-0.12113953
1453096787161,0.18778992,-0.033706665,-0.14035034
1453096787181,0.16664124,-0.00793457,-0.16329956
1453096787201,0.13150024,-0.025756836,-0.16720581
1453096787220,0.10874939,-0.0149383545,-0.17626953
1453096787242,0.08874512,-0.003829956,-0.14193726
1453096787258,0.094558716,-0.033599854,-0.14750671
1453096787282,0.0881958,0.052261353,-0.2107544
1453096787300,0.09765625,0.17675781,-0.22937012
1453096787318,0.152771,0.13034058,-0.20973206
1453096787343,0.18560791,0.023849487,-0.18635559
1453096787357,0.16181946,-0.033798218,-0.15223694
1453096787378,0.12779236,-0.09361267,-0.13742065
1453096787402,0.13066101,-0.065841675,-0.15214539
1453096787419,0.14353943,0.07203674,-0.1318512
1453096787444,0.14646912,0.0990448,-0.08232117
1453096787461,0.14006042,-0.015289307,-0.07246399
1453096787480,0.114990234,-0.07443237,-0.096969604
1453096787501,0.070999146,-0.0035705566,-0.14004517
1453096787518,0.065704346,0.032424927,-0.154068
1453096787540,0.13652039,0.045135498,-0.13986206
1453096787560,0.15792847,0.04496765,-0.1396637
1453096787581,0.13700867,0.029449463,-0.15283203
1453096787599,0.13075256,0.009536743,-0.16175842
1453096787622,0.14370728,-0.028549194,-0.17112732
1453096787640,0.14694214,-0.023422241,-0.16609192
1453096787663,0.17388916,-0.027832031,-0.14186096
1453096787677,0.17228699,-0.024169922,-0.1412201
1453096787698,0.1421051,-0.0025787354,-0.14978027
1453096787718,0.09791565,0.0023345947,-0.16877747
1453096787739,0.07795715,0.035888672,-0.17823792
1453096787758,0.09020996,0.095184326,-0.15803528
1453096787784,0.11062622,0.049575806,-0.13812256
1453096787799,0.12388611,-0.011062622,-0.17185974
1453096787825,0.13699341,0.015075684,-0.18101501
1453096787839,0.15458679,0.0155181885,-0.15625
1453096787863,0.18029785,-0.028198242,-0.14099121
1453096787880,0.184906,-0.040924072,-0.13955688
1453096787905,0.16593933,-0.054229736,-0.13343811
1453096787921,0.1309967,-0.038742065,-0.104385376
1453096787939,0.10612488,0.0143585205,-0.08026123
1453096787958,0.12059021,0.07165527,-0.08029175
1453096787984,0.16593933,0.0900116,-0.09449768
1453096787998,0.18774414,0.04147339,-0.1194458
1453096788019,0.16052246,0.047790527,-0.16313171
1453096788038,0.12135315,0.09082031,-0.19119263
1453096788059,0.1149292,0.034591675,-0.18547058
1453096788078,0.123291016,-0.06391907,-0.14253235
1453096788100,0.1171875,-0.056365967,-0.09046936
1453096788121,0.11143494,0.056671143,-0.08097839
1453096788140,0.11299133,0.1564331,-0.12861633
1453096788162,0.1293335,0.14616394,-0.20024109
1453096788183,0.1423645,0.07737732,-0.24824524
1453096788200,0.12461853,-0.03125,-0.25782776
1453096788223,0.098861694,-0.1292572,-0.25305176
1453096788240,0.090545654,-0.120666504,-0.24253845
1453096788264,0.09283447,-0.073394775,-0.19258118
1453096788278,0.12760925,-0.036453247,-0.11437988
1453096788299,0.15492249,0.02331543,-0.041412354
1453096788318,0.15434265,0.101379395,0.0074005127
1453096788340,0.14775085,0.15763855,-0.011627197
1453096788364,0.16145325,0.16246033,-0.059417725
1453096788380,0.17280579,0.12168884,-0.10305786
1453096788402,0.17973328,0.053497314,-0.14717102
1453096788422,0.150177,0.02079773,-0.18171692
1453096788439,0.08308411,0.003189087,-0.18574524
1453096788464,0.053634644,-0.070495605,-0.18530273
1453096788482,0.05760193,-0.11564636,-0.17106628
1453096788501,0.053146362,-0.07026672,-0.14199829
1453096788525,0.08944702,0.0014190674,-0.088378906
1453096788540,0.17103577,0.010147095,-0.024871826
1453096788561,0.2684021,-0.03652954,0.004562378
1453096788586,0.33518982,-0.10900879,0.028579712
1453096788600,0.33171082,-0.14634705,0.0034332275
1453096788624,0.29286194,-0.034820557,-0.11740112
1453096788649,0.21524048,0.17697144,-0.29943848
1453096788659,0.081207275,0.29994202,-0.46159363
1453096788683,-0.060165405,0.24760437,-0.52841187
1453096788700,-0.14906311,0.15068054,-0.52464294
1453096788718,-0.18218994,0.14955139,-0.49189758
1453096788741,-0.18644714,0.26493835,-0.2835083
1453096788762,-0.13746643,0.26008606,-0.19425964
1453096788787,0.15583801,0.12942505,0.038467407
1453096788802,0.2207489,0.09208679,0.112701416
1453096788821,0.32783508,-0.06335449,0.24633789
1453096788841,0.33457947,-0.096969604,0.25982666
1453096788864,0.29978943,-0.09890747,0.19262695
1453096788879,0.21139526,-0.056777954,0.011260986
1453096788900,0.125,-0.020980835,-0.17532349
1453096788919,0.055847168,-0.0054473877,-0.29943848
1453096788940,0.022323608,-0.018585205,-0.3615265
1453096788964,0.02381897,-0.05178833,-0.35144043
1453096788982,0.052017212,-0.05709839,-0.28788757
1453096789002,0.10838318,-0.013046265,-0.22343445
1453096789020,0.17021179,6.1035156E-4,-0.1305542
1453096789039,0.20022583,-0.028411865,-0.054092407
1453096789060,0.20916748,0.010147095,-0.03604126
1453096789079,0.17921448,0.11584473,-0.045394897
1453096789102,0.14788818,0.11601257,-0.10185242
1453096789120,0.15216064,0.012954712,-0.17391968
1453096789145,0.12936401,-0.0519104,-0.17503357
1453096789162,0.10624695,-0.07485962,-0.13316345
1453096789182,0.11154175,-0.024383545,-0.12332153
1453096789200,0.11323547,0.08862305,-0.30093384
1453096789225,0.0970459,0.0022888184,-0.4386139
1453096789240,0.054244995,-0.22869873,-0.24067688
1453096789268,0.05809021,-0.11390686,0.04748535
1453096789279,0.09465027,0.24510193,0.27041626
1453096789300,0.19758606,0.42164612,0.34465027
1453096789331,0.2886505,0.24546814,0.18167114
