1453086655802,9.803955,-55.935745,1.5258789E-5
1453086655825,9.797592,-55.923615,6.1035156E-5
1453086655857,-1.0121613,2.1323547,-0.785141
1453086655860,-0.9248657,2.238861,-0.7418823
1453086655890,-0.8197632,2.3310394,-0.5837097
1453086655905,-0.7466736,2.400116,-0.4543152
1453086655927,-0.6302643,2.442978,-0.40628052
1453086655941,-0.40330505,2.4061432,-0.48757935
1453086655960,-0.10058594,2.40625,-0.64564514
1453086655991,0.22018433,2.6689758,-0.832016
1453086656007,0.51446533,2.910263,-1.238327
1453086656027,0.5762024,3.0258026,-1.8216095
1453086656042,0.29985046,3.2424316,-2.2743683
1453086656062,-0.01776123,3.503769,-2.7138672
1453086656089,-0.098358154,3.716751,-3.573639
1453086656099,-0.11819458,4.2354584,-4.9147644
1453086656123,-0.033233643,5.2300262,-6.306076
1453086656148,0.46517944,6.2615356,-7.3629303
1453086656170,1.0963287,6.8600616,-8.071899
1453086656180,1.3290253,6.8383636,-8.519104
1453086656204,1.1848145,6.3338165,-8.704269
1453086656223,1.0414276,5.563156,-8.617798
1453086656242,1.1848907,4.7328186,-8.208008
1453086656266,1.5417328,4.1080475,-7.4401703
1453086656289,2.0535736,3.3371887,-6.2361298
1453086656300,3.1120148,1.7963867,-4.3359528
1453086656325,4.9165344,-0.7632141,-2.1631775
1453086656350,5.447235,-2.5745697,-0.62002563
1453086656361,6.9140167,-5.7099915,1.6407928
1453086656380,6.756958,-6.4048157,2.386734
1453086656407,7.463028,-4.9596405,2.1815186
1453086656421,7.6793976,-5.1362762,2.2719116
1453086656444,8.758957,-5.4509125,2.0350952
1453086656470,8.806564,-6.454361,2.3346252
1453086656492,7.9812927,-7.840027,2.9773407
1453086656501,7.5383606,-8.652969,3.312317
1453086656526,6.452881,-9.305496,3.381012
1453086656544,5.0866394,-9.438461,3.2816315
1453086656563,3.4900818,-9.207596,3.347046
1453086656588,2.029251,-8.720444,3.4817963
1453086656611,1.156601,-8.187851,3.5796661
1453086656621,0.8028412,-7.988159,3.6543427
1453086656644,0.6387329,-8.294754,3.6991272
1453086656664,0.7511139,-8.942917,3.6988068
1453086656682,1.1605225,-9.520966,3.5707092
1453086656706,1.583847,-9.36377,3.221695
1453086656729,1.9728241,-8.526459,2.761673
1453086656741,2.5679626,-7.5896454,2.4478302
1453086656766,3.4679108,-6.612091,2.2420502
1453086656791,4.2947235,-5.4979095,1.9142609
1453086656802,4.671936,-4.28566,1.3672638
1453086656820,4.6183777,-3.0580902,0.83187866
1453086656847,4.321594,-1.9456482,0.5105438
1453086656861,3.8702698,-0.9883423,0.32702637
1453086656885,3.3044891,-0.18482971,0.10450745
1453086656910,2.6973114,0.48806763,-0.18302917
1453086656933,2.0693054,1.1358337,-0.4703827
1453086656945,1.4961853,1.7280273,-0.6501007
1453086656971,1.0190887,2.1651764,-0.7110596
1453086656985,0.5523987,2.520279,-0.7276306
1453086657004,0.10542297,2.9144135,-0.8195648
1453086657029,-0.26838684,3.3293915,-1.1197357
1453086657052,-0.59677124,3.7328339,-1.5079651
1453086657060,-0.9043274,4.0358734,-1.8618164
1453086657085,-1.2282867,4.34079,-2.0120544
1453086657104,-1.5292816,4.9110107,-1.9451904
1453086657123,-1.731781,5.522522,-1.9537506
1453086657147,-1.8019867,5.803543,-2.1378632
1453086657170,-1.7219849,5.8399963,-2.3343048
1453086657181,-1.4090729,5.705246,-2.266037
1453086657204,-0.79122925,5.4111786,-1.7605743
1453086657223,0.0849762,5.034485,-1.0223999
1453086657243,1.0213623,4.4812164,-0.41285706
1453086657266,1.9790192,3.6760406,-0.04071045
1453086657289,3.080658,2.7352753,0.23736572
1453086657301,4.2142487,1.7648926,0.5892334
1453086657325,5.244751,0.8654785,1.0178528
1453086657351,6.1588287,-0.17486572,1.6858826
1453086657377,6.4633026,-1.7102509,2.9016876
1453086657380,5.7938385,-3.4403534,4.359741
1453086657409,4.6509705,-4.596405,5.2237244
1453086657421,3.7694244,-4.8949585,5.194702
1453086657444,3.2595367,-4.5222626,4.5876617
1453086657470,2.8178558,-3.7056885,3.88414
1453086657493,2.2602386,-2.8401337,3.4195251
1453086657501,1.4328918,-2.6881256,3.1997375
1453086657528,0.26557922,-3.4194336,3.0693207
1453086657541,-1.0217896,-4.238159,2.9240265
1453086657564,-2.1643677,-4.5888824,2.767456
1453086657587,-2.6625671,-4.571045,2.6001282
1453086657611,-3.4799652,-4.471115,2.5169983
1453086657621,-3.5964203,-4.2761383,2.3532104
1453086657646,-3.4477386,-4.023926,2.2352753
1453086657660,-3.3236694,-3.809021,2.094574
1453086657682,-2.661911,-3.4007263,2.0216675
1453086657707,-2.4333496,-3.167633,1.9631348
1453086657729,-1.9665985,-2.9717255,1.7696381
1453086657741,-1.8913879,-2.8352203,1.6803741
1453086657766,-1.6094818,-2.6842957,1.6425323
1453086657791,-0.7991028,-2.5242157,1.8181915
1453086657815,0.61376953,-2.42807,2.0411072
1453086657821,2.2217255,-2.388733,2.1542206
1453086657848,3.425476,-2.4089813,2.195343
1453086657866,3.9097443,-2.4247742,2.354538
1453086657885,4.0261383,-2.2555847,2.6940613
1453086657911,4.155548,-2.1518707,3.1699524
1453086657933,4.3996887,-2.5315552,3.7206879
1453086657941,4.680008,-3.1966095,4.185257
1453086657967,4.4502106,-3.679062,4.349716
1453086657985,3.5551147,-3.522461,4.036667
1453086658004,2.7790527,-2.7112885,3.442398
1453086658030,2.7144318,-1.7196808,2.8469543
1453086658051,3.056137,-0.9473114,2.1984406
1453086658062,3.232132,-0.4844513,1.3365631
1453086658085,2.844574,-0.1171875,0.43614197
1453086658104,1.820221,0.26213074,-0.1884613
1453086658123,0.47673035,0.6134491,-0.4894867
1453086658147,-0.771698,0.9043579,-0.6249237
1453086658171,-1.696167,1.1827545,-0.7323303
1453086658182,-2.2432861,1.5124512,-0.88067627
1453086658206,-2.4553986,1.855545,-1.0825653
1453086658232,-2.4348297,2.1502075,-1.3152008
1453086658242,-2.3167877,2.489685,-1.544693
1453086658262,-2.1725616,2.994461,-1.7582703
1453086658288,-2.003601,3.5313568,-1.966568
1453086658302,-1.7547913,3.9452057,-2.124649
1453086658326,-1.4391785,4.19841,-2.2232208
1453086658351,-1.1554565,4.379776,-2.2982025
1453086658374,-0.76498413,4.480438,-2.3166351
1453086658382,-0.032913208,4.350342,-2.2617035
1453086658407,0.9263916,3.9746552,-2.0966797
1453086658426,1.7007751,3.426361,-1.798996
1453086658445,2.1696625,2.7889252,-1.3826294
1453086658469,2.56987,2.0992584,-0.8688202
1453086658493,3.0099335,1.3767395,-0.18153381
1453086658502,3.403717,0.6463318,0.81199646
1453086658526,3.5036774,-0.19937134,2.0934448
1453086658545,3.2956085,-1.1729736,3.2667694
1453086658564,3.2423096,-1.9339142,3.7965546
1453086658588,3.7509155,-2.1973267,3.5811615
1453086658611,4.260742,-2.0007935,3.0252838
1453086658623,3.9363708,-1.5874634,2.5863342
1453086658647,2.8109283,-1.2890472,2.4117737
1453086658673,1.3344879,-1.6717987,2.477707
1453086658683,-0.2623291,-2.7047424,2.669815
1453086658702,-1.8504791,-3.6406708,2.823288
1453086658732,-3.1739044,-4.105133,2.8448944
1453086658742,-3.9904785,-4.187088,2.719452
1453086658767,-4.328415,-4.0797577,2.5155945
1453086658792,-4.365555,-3.9828339,2.3574371
1453086658815,-4.030014,-3.765396,1.9699249
1453086658823,-3.8450928,-3.6994019,1.802414
1453086658848,-3.1485138,-3.5870361,1.4681549
1453086658867,-2.8852386,-3.6502686,1.3869324
1453086658885,-2.1219635,-3.786026,1.2281189
1453086658911,-1.8550262,-3.8914185,1.1819153
1453086658933,-0.4161377,-4.079834,1.1781311
1453086658943,0.3743286,-4.14209,1.2836456
1453086658967,2.1399841,-4.1822357,1.3919983
1453086658985,3.5738068,-4.217224,1.2745667
1453086659010,4.1043854,-4.2519836,1.1810608
1453086659029,4.0737915,-4.2247467,1.5474548
1453086659052,4.165329,-4.463501,2.462799
1453086659061,4.509186,-5.10466,3.6220398
1453086659093,4.694275,-5.548752,4.427414
1453086659114,4.1328278,-5.227371,4.50441
1453086659131,3.0129852,-4.1366577,4.0284424
1453086659153,2.49617,-2.7787628,3.4742737
1453086659162,3.0585938,-1.6087036,2.971283
1453086659189,3.916748,-0.5871582,2.251358
1453086659202,4.183502,0.18818665,1.2481384
1453086659221,3.4425964,0.52186584,0.29660034
1453086659250,1.9126434,0.573349,-0.25408936
1453086659281,0.18865967,0.6230469,-0.3808899
1453086659284,-1.2570953,0.7849884,-0.3047638
1453086659310,-2.194931,1.0505829,-0.2788391
1453086659341,-2.6489716,1.3225708,-0.38546753
1453086659358,-2.8240814,1.5984497,-0.667099
1453086659362,-2.899765,1.8645782,-1.110199
1453086659385,-2.8872528,2.1469574,-1.6305542
1453086659407,-2.7851257,2.5130615,-2.0648804
1453086659421,-2.5669556,2.8603516,-2.3200989
1453086659445,-2.2600708,3.0998993,-2.3873138
1453086659470,-1.8358612,3.2461548,-2.372696
1453086659494,-1.1855621,3.2800903,-2.412506
1453086659501,-0.23091125,3.2431946,-2.5478363
1453086659529,0.90930176,3.2597504,-2.799408
1453086659567,1.9754333,3.3113098,-2.9867706
1453086659568,2.6520538,3.1655579,-2.685318
1453086659594,2.8477936,2.7235565,-1.8182983
1453086659603,2.7104187,2.1453705,-0.7649994
1453086659630,2.465393,1.5848541,0.1298523
1453086659654,2.3934937,1.1019897,0.8960724
1453086659681,2.3559265,0.686203,1.5974579
1453086659683,1.960022,0.2632141,2.1592255
1453086659706,1.5966492,-0.114486694,2.445343
1453086659731,1.862503,-0.3497467,2.3888397
1453086659742,2.3426971,-0.4355774,2.189148
1453086659763,2.345337,-0.37626648,2.0756073
1453086659791,1.8130798,-0.5116272,2.1086884
1453086659813,0.92204285,-1.173645,2.2922363
1453086659822,-0.28292847,-2.1381836,2.6102753
1453086659845,-1.5869141,-3.0152893,2.9836273
1453086659862,-2.6405334,-3.517273,3.2518768
1453086659883,-3.2481232,-3.5427551,3.316208
1453086659910,-3.4392242,-3.292389,3.1718292
1453086659935,-3.333786,-3.040619,2.8863983
1453086659942,-3.022766,-2.9465637,2.580307
1453086659963,-2.5388641,-3.061615,2.386551
1453086659986,-1.8477173,-3.3285217,2.3901825
1453086660018,-1.1367798,-3.662262,2.4445343
1453086660023,-0.85054016,-3.892929,2.434723
1453086660053,-0.15852356,-4.383255,2.2024841
1453086660064,0.22450256,-4.565735,2.182251
1453086660088,1.9833832,-4.781418,2.2710419
1453086660113,2.6145935,-4.849716,2.406723
1453086660136,3.563675,-4.7427673,2.6284637
1453086660144,3.6287537,-4.6091156,2.7392273
1453086660172,4.028549,-4.4201965,2.872055
1453086660184,4.2639008,-4.4442596,3.013092
1453086660207,4.534317,-4.702591,3.255371
1453086660232,4.409622,-4.738144,3.44487
1453086660255,3.8792725,-4.269348,3.4357452
1453086660264,3.3550568,-3.3604126,3.2543793
1453086660291,3.3276672,-2.3841705,3.0177917
1453086660303,3.719818,-1.4978485,2.6265564
1453086660326,4.0719604,-0.6356354,1.8960724
1453086660350,3.906128,0.07345581,0.9912262
1453086660374,2.9703827,0.50723267,0.2492981
1453086660384,1.4645996,0.8110962,-0.13134766
1453086660407,-0.1191864,1.1231842,-0.19039917
1453086660426,-1.4099426,1.4437256,-0.27850342
1453086660444,-2.3192596,1.6229095,-0.32362366
1453086660468,-2.64711,1.6078339,-0.0256958
1453086660492,-2.3027344,1.633728,0.24160767
1453086660504,-1.6912231,1.9480438,-0.025970459
1453086660528,-1.2905579,2.4678802,-0.7589874
1453086660553,-1.2509766,2.91008,-1.444809
1453086660564,-1.4491119,3.1791534,-1.7440948
1453086660585,-1.6628265,3.4244537,-1.7627411
1453086660612,-1.7016754,3.6915894,-1.7826385
1453086660624,-1.420166,3.895279,-1.9045258
1453086660647,-0.7788391,3.9906769,-2.0757751
1453086660672,0.12409973,3.9996338,-2.2744904
1453086660695,0.99772644,3.9411926,-2.445938
1453086660704,1.5236206,3.745926,-2.4459534
1453086660726,1.7224884,3.3895721,-2.085968
1453086660744,1.8890839,2.9056702,-1.3519287
1453086660767,2.1437378,2.3711853,-0.53686523
1453086660792,2.3573914,1.8648682,0.03250122
1453086660817,2.3162384,1.3084564,0.3607483
1453086660826,1.9938507,0.53071594,0.67160034
1453086660845,2.0547943,-0.41874695,1.1677551
1453086660864,3.00737,-1.3302612,1.7794647
1453086660886,4.227722,-1.8903046,2.119522
1453086660910,4.679306,-2.07547,1.9485168
1453086660935,3.8610382,-2.0469513,1.5291748
1453086660945,2.0269318,-1.8464355,1.363266
1453086660969,-0.045211792,-1.926117,1.6670685
1453086660994,-1.74263,-2.5244293,2.1509552
1453086661005,-2.989029,-3.1486664,2.498703
1453086661025,-3.8268127,-3.549591,2.6156921
1453086661053,-4.1982117,-3.8359528,2.5621338
1453086661065,-4.1516266,-4.022003,2.4568634
1453086661088,-3.84906,-3.9691772,2.3090057
1453086661114,-3.3374023,-3.8174438,2.05542
1453086661136,-2.5873566,-3.822876,1.7591095
1453086661145,-1.7337189,-4.0315704,1.4801025
1453086661172,-1.0115204,-4.433487,1.2401581
1453086661184,-0.25621033,-5.0023346,1.1483307
1453086661208,0.9309845,-5.7086334,1.332077
1453086661232,2.3594055,-6.443283,1.7402496
1453086661255,3.3532257,-6.9462433,2.155655
1453086661266,3.585968,-7.070648,2.3831635
1453086661291,3.4822083,-6.59021,2.5722504
1453086661304,3.5144348,-6.289032,2.7263489
1453086661327,3.864502,-5.8409576,3.3009796
1453086661350,3.9523468,-5.7733765,3.7125397
1453086661373,4.033188,-5.873947,4.205948
1453086661386,4.023102,-5.476883,4.1268463
1453086661410,4.5404053,-4.1178894,3.1483917
1453086661434,4.915756,-3.2566223,2.6979065
1453086661445,5.7726593,-1.9051819,1.929779
1453086661466,6.160187,-0.42015076,0.9208069
1453086661494,5.5686646,0.97854614,-0.28327942
1453086661506,3.9505157,1.6780548,-1.2508545
1453086661529,1.8604431,1.6684875,-1.6914825
1453086661554,-0.05961609,1.52388,-1.5735779
1453086661577,-1.5287628,1.619339,-1.0278168
1453086661586,-2.369217,1.9053802,-0.54756165
1453086661613,-2.566681,2.1813507,-0.59965515
1453086661625,-2.4316406,2.432373,-1.1203461
1453086661648,-2.201889,2.8157806,-1.7901154
1453086661673,-1.9269714,3.3645172,-2.3278198
1453086661696,-1.6810455,3.9676514,-2.6485443
1453086661706,-1.5224304,4.5023193,-2.8276825
1453086661732,-1.3859253,4.825714,-2.9135742
1453086661745,-1.1940613,4.9497833,-2.9785156
1453086661767,-0.84169006,4.9637146,-3.0674896
1453086661791,-0.12576294,4.8937073,-3.1536255
1453086661814,1.0640717,4.7296906,-3.1432037
1453086661826,2.2233276,4.425644,-2.934784
1453086661850,2.63974,3.930069,-2.4638672
1453086661875,2.4558868,3.317688,-1.8161926
1453086661886,2.3592224,2.695938,-1.1972198
1453086661906,2.7392426,2.1618347,-0.7127533
1453086661935,3.3443756,1.7195587,-0.38513184
1453086661946,3.465866,1.1183472,-0.03591919
1453086661970,3.1214752,0.31124878,0.55332947
1453086661995,3.2061157,-0.31622314,1.1294861
1453086662017,3.7759552,-0.7561493,1.4989471
1453086662026,3.9597473,-1.3395691,1.7053833
1453086662054,3.314743,-1.8487091,1.762619
1453086662066,2.010254,-2.0618744,1.8642578
1453086662089,0.47532654,-2.3332367,2.2684631
1453086662114,-0.9129791,-3.011078,2.7504425
1453086662136,-2.0385284,-3.7752533,3.0446625
1453086662146,-2.8452454,-4.3217163,3.1981964
1453086662172,-3.1992645,-4.7646637,3.3368988
1453086662185,-2.999771,-5.1549835,3.4595337
1453086662208,-2.3472137,-5.3506775,3.4844818
1453086662232,-1.5414124,-5.285263,3.2702026
1453086662267,-0.8056793,-5.159149,2.8587952
1453086662274,-0.26010132,-5.144806,2.4258118
1453086662286,0.025543213,-5.2706146,2.0713196
1453086662309,0.22076416,-5.4750214,1.895813
1453086662334,0.6355896,-5.594467,1.9809265
1453086662357,1.3304291,-5.5314026,2.149063
1453086662368,1.9925079,-5.414261,2.1258392
1453086662391,2.1817474,-5.3672485,2.0037384
1453086662409,1.9016724,-5.127289,1.9213104
1453086662427,1.6751251,-4.661316,1.9632416
1453086662452,1.8493805,-4.530075,2.3333435
1453086662475,2.1020203,-4.5163727,2.6234894
1453086662488,3.0086517,-5.186493,3.2087402
1453086662506,3.2008972,-4.871399,3.1934814
1453086662537,3.6873627,-3.410797,2.3963013
1453086662546,3.9263458,-2.4846191,1.9207916
1453086662568,4.6631927,-1.1596985,1.0104065
1453086662591,4.8805084,-0.6775055,0.61990356
1453086662607,4.5571747,-0.31774902,0.06149292
1453086662630,4.1085663,0.044921875,-0.24320984
1453086662656,2.628708,0.43443298,-0.5329437
1453086662665,0.8594513,0.8197479,-0.76483154
1453086662688,-0.6956787,1.2838898,-0.8978882
1453086662716,-1.7520599,1.8609161,-0.909729
1453086662727,-2.2752838,2.37706,-0.88275146
1453086662750,-2.2976685,2.6039276,-0.8991089
1453086662774,-1.8916626,2.3849792,-1.0617981
1453086662798,-1.3143005,2.1165314,-1.5104218
1453086662808,-0.89279175,2.3469543,-2.2520294
1453086662833,-0.73594666,3.0389404,-2.9959564
1453086662847,-0.7522583,3.890808,-3.3903046
1453086662868,-0.736496,4.632614,-3.401657
1453086662893,-0.495636,4.985718,-3.1771393
1453086662916,0.09408569,4.9046936,-2.975296
1453086662928,0.9250641,4.5883636,-2.9336548
1453086662952,1.5400696,4.1611786,-2.9071198
1453086662978,1.7370911,3.7184143,-2.6635742
1453086662988,1.7397308,3.3176422,-2.2733154
1453086663009,1.7519073,3.0102692,-1.9055634
1453086663032,1.9419556,2.5924225,-1.4329834
1453086663048,2.2264404,1.6810303,-0.49830627
1453086663071,2.4805756,0.44029236,0.8701477
1453086663097,2.9844055,-0.64356995,2.0700684
1453086663107,3.8356018,-1.2306366,2.4124756
1453086663129,4.373657,-1.1833801,1.714859
1453086663155,3.997879,-0.75930786,0.61779785
1453086663168,2.728836,-0.28178406,0.25985718
1453086663190,1.0302582,-0.27241516,1.082016
1453086663216,-0.57328796,-0.9870758,2.2661896
1453086663241,-1.9083862,-1.8096161,2.9276886
1453086663249,-2.9969025,-2.3183136,2.9369202
1453086663274,-3.6125488,-2.6161346,2.6096954
1453086663291,-3.6432953,-2.7013855,2.2987518
1453086663309,-3.270584,-2.468628,2.129547
1453086663333,-2.660736,-2.1935272,2.0322266
1453086663357,-1.8900757,-2.1951904,1.9391632
1453086663369,-1.1436615,-2.4524689,1.8270721
1453086663393,-0.6436615,-2.8343964,1.7062225
1453086663418,-0.21037292,-3.285019,1.554718
1453086663428,0.5493164,-3.8056183,1.4680023
1453086663449,1.6705933,-4.498596,1.7562103
1453086663472,2.7644348,-5.353058,2.4255676
1453086663489,3.1967773,-5.932068,3.0810852
1453086663512,2.881668,-5.912842,3.4851685
1453086663537,2.6595154,-5.6459656,3.6785736
1453086663547,3.0619202,-5.702469,3.9414978
1453086663569,3.8012848,-6.137375,4.467758
1453086663591,4.352249,-6.2850494,4.7660675
1453086663608,4.47789,-5.596039,4.2646637
1453086663631,4.5289,-4.2474213,3.187271
1453086663656,4.8106995,-2.7269592,2.0952606
1453086663679,5.194153,-1.3489227,1.1864166
1453086663689,5.2179413,-0.41487122,0.45948792
1453086663710,4.9009857,0.0090789795,-0.005554199
1453086663728,2.466919,-0.01638794,-0.4853363
1453086663750,1.4440002,0.21151733,-0.8102112
1453086663774,-1.3252258,0.18247986,-0.9220276
1453086663798,-1.8362732,0.57362366,-1.0577698
1453086663810,-2.5086517,0.95376587,-1.0034943
1453086663829,-2.323288,1.4161377,-1.1778412
1453086663859,-1.8836212,1.9599457,-1.4202118
1453086663869,-1.5582123,2.4548035,-1.7801666
1453086663889,-1.1913605,3.1280823,-2.2860107
1453086663914,-0.97624207,3.7559967,-2.7480316
1453086663952,-0.89256287,4.19722,-3.0545044
1453086663953,-0.89759827,4.4171906,-3.1925507
1453086663975,-0.8028717,4.5516357,-3.267105
1453086663998,-0.42070007,4.6378174,-3.3508759
1453086664007,0.34809875,4.6360626,-3.4925232
1453086664028,1.2378693,4.476166,-3.6228485
1453086664054,1.7537231,4.092819,-3.5118866
1453086664066,1.775116,3.5158691,-2.9924011
1453086664087,1.6489563,2.9718018,-2.1480408
1453086664113,1.6253357,2.5310364,-1.2636719
1453086664136,1.7460632,1.9937897,-0.5691681
1453086664148,1.7244263,1.2173767,0.024246216
1453086664172,1.7388458,0.39086914,0.7051544
1453086664198,2.479065,-0.30010986,1.2599182
1453086664208,3.6445007,-0.71162415,1.3078156
1453086664229,4.062561,-0.62802124,0.9270172
1453086664257,3.273941,-0.14466858,0.58551025
1453086664268,1.6403809,0.20397949,0.611969
1453086664292,-0.25372314,-0.06478882,1.0033417
1453086664317,-1.8936005,-0.72554016,1.4507141
1453086664340,-3.1124878,-1.2505493,1.6861572
1453086664349,-3.861023,-1.475296,1.6468201
1453086664376,-4.132965,-1.5069427,1.4854279
1453086664388,-4.0356293,-1.4301453,1.3653564
1453086664411,-3.6363373,-1.2527008,1.3247833
1453086664435,-2.934845,-1.1498871,1.2739716
1453086664459,-2.06398,-1.285675,1.1486664
1453086664469,-1.274353,-1.6312866,0.9880066
1453086664495,-0.7296753,-2.1269531,0.8370514
1453086664508,-0.072143555,-2.8636017,0.8258972
1453086664530,1.0403137,-3.836563,1.1426849
1453086664554,2.3043518,-4.7660065,1.7984161
1453086664577,3.218155,-5.4231567,2.5151825
1453086664589,3.5629272,-5.7433167,2.9901733
1453086664608,3.7683563,-5.733307,3.1882477
1453086664638,4.280472,-5.607727,3.3311157
1453086664649,4.985489,-5.632538,3.6134644
1453086664669,5.377945,-5.8124847,3.8962555
1453086664698,4.8705444,-5.6370087,3.843933
1453086664709,3.7541656,-4.7221527,3.439087
1453086664732,3.128891,-3.5017853,2.959488
1453086664758,3.4624481,-2.4327087,2.4564667
1453086664781,4.185135,-1.6368866,1.7727051
1453086664789,4.4744873,-1.2205963,0.9621124
1453086664816,3.7848816,-1.061615,0.21395874
1453086664828,2.1914368,-0.91496277,-0.3299408
1453086664852,0.42977905,-0.74609375,-0.5231476
1453086664876,-0.8388977,-0.39268494,-0.4633789
1453086664900,-1.5548859,0.2291565,-0.44534302
1453086664909,-1.8505249,0.87013245,-0.71765137
1453086664935,-1.8300781,1.3220978,-1.2795105
1453086664949,-1.6388397,1.6918182,-1.7604828
1453086664971,-1.4570007,2.0619507,-2.366272
1453086664995,-1.2701874,2.4207153,-2.6876068
1453086665038,-1.1452484,2.7921143,-2.7324982
1453086665040,-0.9710846,3.0072021,-2.8927155
1453086665053,-0.77297974,3.304306,-3.0477753
1453086665072,-2.2897491,0.7082367,0.18023682
1453086665096,-1.660492,0.9349365,-0.08047485
1453086665120,-1.2714539,1.0392914,-0.21000671
1453086665130,-0.43537903,1.1226959,-0.38339233
1453086665154,0.1352539,0.88793945,-0.34519958
1453086665197,0.1617279,0.3778534,0.20419312
1453086665199,0.047943115,-0.10574341,1.1788177
1453086665210,0.21722412,-0.2914734,1.925827
1453086665248,0.49565125,-0.32289124,2.0138245
1453086665250,0.6728058,-0.58825684,1.6615753
1453086665274,0.41368103,-1.1236572,1.5219574
1453086665308,0.030822754,-1.5792084,1.9573364
1453086665310,0.43052673,-1.8713074,2.669815
1453086665342,1.5130615,-2.100418,3.0953827
1453086665348,2.3443146,-2.2190704,2.9340668
1453086665369,2.3189545,-2.2653198,2.3970032
1453086665392,1.397049,-2.3832703,2.1418152
1453086665411,0.068359375,-2.8628082,2.5809326
1453086665432,-1.1261902,-3.7189636,3.4673004
1453086665463,-1.9704895,-4.5341644,4.269989
1453086665468,-2.4075317,-5.1591797,4.6112366
1453086665497,-2.4572449,-5.6397552,4.530884
1453086665512,-2.2241364,-5.896866,4.322754
1453086665548,-1.7553253,-6.044281,4.1856537
1453086665550,-1.0490723,-6.2788086,4.1820984
1453086665577,-0.1566925,-6.7019043,4.3130493
1453086665588,0.75115967,-7.365036,4.4488983
1453086665623,1.4603424,-8.14827,4.4635925
1453086665631,2.1261902,-8.888855,4.413727
1453086665649,3.1323395,-9.514954,4.40094
1453086665681,4.4911804,-9.95491,4.3964386
1453086665689,5.802353,-10.177658,4.283432
1453086665715,6.517746,-10.210617,4.059326
1453086665749,6.4858246,-10.0121765,3.861557
1453086665751,6.3263702,-9.70816,3.8883667
1453086665781,6.3274384,-9.725082,4.240814
1453086665788,6.307831,-10.060822,4.7234497
1453086665817,6.0641937,-10.209579,5.024872
1453086665828,5.3162994,-9.675858,5.037216
1453086665853,4.4577637,-8.444672,4.853531
1453086665884,4.31662,-7.0455627,4.6024475
1453086665890,4.9425354,-5.8181458,4.2591248
1453086665912,5.6614227,-4.810196,3.7151947
1453086665937,5.7679596,-4.0314484,3.0000305
1453086665952,4.819992,-3.4692535,2.31427
1453086665971,3.0050812,-3.0377045,1.8082123
1453086665997,0.9713745,-2.691574,1.5289001
1453086666011,-0.76441956,-2.3807068,1.4809875
1453086666037,-1.9835968,-2.0652313,1.5475769
1453086666050,-2.706894,-1.7146149,1.4959869
1453086666077,-3.0890503,-1.4212952,1.3113251
1453086666095,-3.2167053,-1.1559753,1.1840057
1453086666131,-3.111969,-0.7090912,1.0209198
1453086666139,-2.9378815,-0.16386414,0.5938568
1453086666165,-2.85318,0.25894165,0.2131958
1453086666173,-2.7783203,0.84446716,-0.2415924
1453086666198,-2.7073364,1.0823975,-0.34812927
1453086666224,-2.343811,1.2479095,-0.25152588
1453086666242,-2.086792,1.2779541,-0.33869934
1453086666251,-0.84680176,1.1613159,-0.66638184
1453086666276,-0.39639282,1.0015411,-0.7269592
1453086666292,0.3136444,0.5260773,-0.3062439
1453086666310,0.26960754,0.18641663,0.138443
1453086666337,0.22451782,-0.2315216,0.9394989
1453086666360,0.39842224,-0.58924866,1.4561615
1453086666371,0.71144104,-0.8632202,1.6023865
1453086666394,1.0263214,-1.1306,1.594635
1453086666419,0.94747925,-1.487442,1.7199249
1453086666444,0.7726593,-2.005249,2.0683746
1453086666451,1.4028473,-2.6472626,2.5137024
1453086666470,2.7157745,-3.231369,2.8514404
1453086666493,3.753006,-3.6004639,2.852539
1453086666512,3.8560333,-3.8605957,2.6433716
1453086666531,3.043747,-4.2439423,2.6799927
1453086666554,1.6951141,-4.8650513,3.3060303
1453086666580,0.32017517,-5.6207123,4.1967773
1453086666591,-0.7317505,-6.3131104,4.746002
1453086666614,-1.4002991,-6.8245697,4.8101654
1453086666639,-1.7656708,-7.0930786,4.690872
1453086666669,-1.7977142,-7.105774,4.645355
1453086666671,-1.4752502,-7.0038605,4.615219
1453086666702,-0.8925781,-6.968506,4.4713745
1453086666710,-0.104263306,-7.148102,4.214157
1453086666734,0.79719543,-7.558487,3.913269
1453086666750,1.6170197,-8.055725,3.5327759
1453086666772,2.2778015,-8.557983,3.1068573
1453086666792,3.068863,-9.171265,2.8782196
1453086666817,4.1660156,-9.883148,2.8519745
1453086666830,5.234543,-10.490799,2.7716522
1453086666852,5.7349854,-10.753754,2.5927734
1453086666876,5.31546,-10.533463,2.4962158
1453086666900,4.673111,-9.996277,2.6536255
1453086666912,4.7151337,-9.624283,3.0776978
1453086666935,5.17601,-9.901291,3.7071075
1453086666961,5.5627594,-10.657394,4.314026
1453086666971,5.5342865,-10.996643,4.4855194
1453086666991,5.0833435,-10.103302,4.117386
1453086667020,5.0148773,-8.3016205,3.5116272
1453086667031,5.649185,-6.656311,3.0009766
1453086667055,6.472336,-5.4626923,2.5986938
1453086667080,6.915802,-4.540268,2.1185303
1453086667103,6.365036,-4.0767365,1.7058716
1453086667111,4.640808,-4.0629272,1.4749146
1453086667139,2.4626312,-3.9824677,1.2819061
1453086667151,0.6016083,-3.754074,1.196991
1453086667174,-0.5273285,-3.7183533,1.2888184
1453086667199,-0.8717804,-3.846161,1.2836761
1453086667222,-0.75497437,-3.7715607,0.94195557
1453086667231,-0.49209595,-3.42865,0.37010193
1453086667260,-0.24865723,-2.99263,-0.19326782
1453086667274,-0.14224243,-2.5444336,-0.52305603
1453086667293,-0.25024414,-2.2727203,-0.55574036
1453086667317,-0.4756012,-2.3198853,-0.49240112
1453086667342,-0.55088806,-2.4273682,-0.2952881
1453086667352,-0.3708191,-2.37529,0.038024902
1453086667376,-0.006286621,-2.3496246,0.06791687
1453086667403,0.30613708,-2.189621,-0.35992432
1453086667417,0.46392822,-1.2704468,-0.35601807
1453086667442,0.5464325,-0.7894592,-0.48124695
1453086667453,0.42126465,0.107666016,0.74601746
1453086667473,0.68218994,0.45062256,0.78367615
1453086667503,1.3370056,2.0294495,1.059021
1453086667513,1.6907654,2.6946716,0.81292725
1453086667533,1.3831177,3.8849945,1.1896515
1453086667558,1.1930237,4.084015,1.1798706
1453086667573,0.3684845,4.162018,1.4641876
1453086667592,0.036605835,3.877945,1.6823578
1453086667624,0.2577362,3.5801392,1.5292664
1453086667632,0.40182495,3.8523865,1.0576782
1453086667654,0.24385071,4.4626617,0.7635803
1453086667676,-0.18450928,4.7773438,0.6683502
1453086667693,-1.0097504,4.8443756,0.58465576
1453086667716,-1.8519135,4.687683,0.48483276
1453086667741,-2.20961,4.1491394,0.4202881
1453086667751,-2.1803436,3.6657715,0.34733582
1453086667774,-2.1762543,3.681961,0.21620178
1453086667800,-2.2544708,3.7362518,0.07637024
1453086667813,-2.2389526,3.492035,-0.004119873
1453086667835,-2.2606049,3.4111633,-0.24508667
1453086667860,-2.6644897,3.814499,-0.5995941
1453086667882,-3.322052,4.238861,-0.6017151
1453086667894,-3.467163,3.7233734,-0.3106079
1453086667919,-3.1585693,2.791565,0.3655548
1453086667932,-2.7996063,2.3088074,1.1725922
1453086667954,-2.499237,2.4722137,1.7550964
1453086667978,-2.3013,2.906662,2.0119324
1453086668001,-2.156723,3.1751251,2.001709
1453086668014,-2.1691437,3.3062897,1.9033203
1453086668032,-2.397049,3.364151,1.6921234
1453086668063,-2.6558685,3.5583038,1.387619
1453086668073,-2.7586365,3.7909393,1.0218201
1453086668094,-2.7851563,3.7121582,0.6569061
1453086668117,-2.835678,3.4514618,0.4888916
1453086668134,-2.7723846,3.2512207,0.4978943
1453086668156,-2.5092926,3.2406464,0.43406677
1453086668182,-2.1892242,3.3711548,0.22943115
1453086668192,-1.9718323,3.4041595,0.16313171
1453086668214,-1.7668457,3.3267212,0.40899658
1453086668241,-1.5211334,3.4011993,0.9000702
1453086668253,-1.3241577,3.6620636,1.4510345
1453086668275,-1.3251648,3.957962,1.8070679
1453086668300,-1.6306152,4.188431,1.8260193
1453086668323,-2.0043182,4.302109,1.6898804
1453086668334,-2.223404,4.210968,1.6055145
1453086668359,-2.3944397,4.062393,1.5259857
1453086668374,-2.683792,4.213516,1.4119415
1453086668394,-2.813385,4.2967224,1.29599
1453086668417,-2.6059875,3.9002838,1.3503418
1453086668446,-2.3578491,3.5382233,1.6224213
1453086668467,-2.1241302,3.517395,1.9221954
1453086668488,-1.993576,3.7258606,2.1508179
1453086668512,-2.269043,4.0173645,2.1242676
1453086668513,-2.8982544,4.249008,1.7425842
1453086668534,-3.28714,4.2655945,1.2485352
1453086668555,-3.261917,4.148239,1.0217438
1453087337650,-3.1728363,4.0746765,1.0527954
1453087337681,5.5327454,-52.466858,1.6997833
1453087337685,5.512314,-52.51239,1.6911011
1453087337729,-1.5899658,10.125336,-2.0434723
1453087337732,-1.5629883,10.316605,-1.8568573
1453087337764,-1.5847015,10.372955,-1.5623474
1453087337772,-1.6250763,10.255508,-1.4603729
1453087337803,-1.6685638,10.039612,-1.6495667
1453087337806,-1.6617737,9.88768,-1.9859161
1453087337836,-1.6240234,9.870651,-2.238861
1453087337846,-1.6102295,9.932861,-2.3481293
1453087337878,-1.6297302,10.012543,-2.3528748
1453087337900,-0.14022827,-0.33572388,-0.26345825
1453087337929,-0.06625366,-0.23472595,-0.020339966
1453087337932,0.006164551,-0.14396667,0.10374451
1453087337948,0.076431274,-0.06048584,0.14846802
1453087337973,0.28030396,0.13536072,0.23051453
1453087337996,0.6408386,0.45506287,0.46206665
1453087338003,1.3401947,1.0353699,0.775177
1453087338026,2.3602295,2.192398,1.4035034
1453087338045,3.2436981,3.8945923,3.0773315
1453087338067,3.9141235,6.158371,7.0191803
1453087338086,3.7445068,7.744293,13.23027
1453087338104,2.258957,7.1568756,17.589722
1453087338128,1.6834564,5.8677216,18.455093
1453087338143,3.2111664,1.8274841,12.253433
1453087338170,4.7030945,-0.2949524,10.920395
1453087338184,5.8624573,-7.155899,5.5491943
1453087338203,5.6466827,-8.914276,5.8130493
1453087338229,1.9294739,-16.184692,3.828476
1453087338243,0.21743774,-19.290192,2.8379974
1453087338269,-12.28685,-32.168518,-7.0822754
1453087338293,-17.333252,-35.095535,-9.2165985
1453087338304,-22.159866,-36.157166,-7.020096
1453087338324,-14.6875305,-33.309845,-1.7463074
1453087338349,2.3402405,-26.089996,3.4714966
1453087338363,19.07846,-12.867996,9.909027
1453087338387,29.91275,5.6660156,20.64647
1453087338412,28.364944,22.41713,33.14029
1453087338436,18.31726,27.398087,31.292175
1453087338445,11.08342,20.086563,16.807907
1453087338467,8.878006,10.21051,7.438629
1453087338484,9.001022,2.8289337,3.5401
1453087338508,7.4855194,-2.5957642,0.5010834
1453087338531,4.0505676,-6.224472,-1.9670868
1453087338557,0.8048096,-8.756027,-4.137146
1453087338564,-2.0248413,-10.269241,-4.996155
1453087338596,-4.5790405,-10.782913,-4.932602
1453087338603,-6.673126,-10.3120575,-4.374771
1453087338630,-7.60083,-8.897644,-3.3803864
1453087338644,-7.3185577,-7.291916,-2.5096436
1453087338666,-5.597336,-6.019806,-2.1626282
1453087338687,-2.5550232,-4.6980896,-1.8830261
1453087338706,0.2224884,-3.0215302,-1.3038025
1453087338727,1.1296387,-1.3354645,-0.547348
1453087338754,0.3201599,-0.23085022,0.32411194
1453087338777,-0.65914917,0.35455322,0.75764465
1453087338786,-0.8363037,0.44728088,0.5565033
1453087338804,-0.46354675,0.1635437,-0.12017822
1453087338836,0.04171753,-0.057907104,-0.6690216
1453087338847,0.27896118,-0.34391785,-0.56185913
1453087338865,-0.3313446,-0.39855957,0.42703247
1453087338895,-0.69621277,-0.7483063,1.1493225
1453087338906,-0.10244751,-1.1508331,0.7224884
1453087338928,0.87693787,-0.30462646,0.1403656
1453087338959,1.7411346,-0.2314148,1.0947113
1453087338969,2.4958801,-0.19255066,1.7789307
1453087338989,2.745041,1.5664368,1.1462402
1453087339015,1.9031525,2.5381317,-0.4657898
1453087339026,1.372345,2.3607635,-1.9409637
1453087339044,1.4508514,2.529953,-1.6740723
1453087339078,1.4998016,2.1495972,-0.27148438
1453087339087,0.9665375,0.7630768,0.49467468
1453087339109,-0.23565674,-0.6265259,0.35762024
1453087339128,-0.9867096,-0.9387512,0.0017852783
1453087339146,-0.55348206,-0.52368164,-0.2785492
1453087339168,0.06892395,-0.04710388,-0.3363037
1453087339192,0.018356323,0.25126648,-0.32650757
1453087339204,-0.43171692,0.18736267,-0.36134338
1453087339227,-0.6454468,0.035339355,-0.45620728
1453087339247,-0.3534088,-0.052093506,-0.49902344
1453087339265,0.15135193,-0.08189392,-0.4762268
1453087339284,0.4036255,-0.030700684,-0.4394989
1453087339312,0.023742676,0.13278198,-0.3165741
1453087339337,-0.37924194,0.027618408,-0.3360901
1453087339348,-0.17523193,-0.27470398,-0.52978516
1453087339364,-0.060791016,-0.3322754,-0.6226196
1453087339388,-0.48667908,-0.066970825,-0.3815918
1453087339414,-0.6770477,-0.3065338,-0.8023834
1453087339434,-0.9367981,-1.6127625,-1.5265198
1453087339444,-0.45332336,-2.1717224,-2.2181244
1453087339466,0.65200806,-1.1100769,-1.5575409
1453087339490,0.84295654,-0.2966919,-1.1856079
1453087339515,0.61050415,0.96118164,-0.11820984
1453087339541,1.0039215,0.712677,-0.35266113
1453087339545,1.5204315,0.13452148,-0.5339966
1453087339566,1.5701904,0.00982666,-0.7055664
1453087339587,0.8389435,0.5498657,0.046432495
1453087339604,0.19485474,1.2842102,0.3972473
1453087339626,0.56695557,2.0278473,-1.1819153
1453087339652,1.0191956,1.9084625,-2.9592285
1453087339674,0.98272705,0.6334686,-2.8276215
1453087339686,0.9379425,-0.61972046,-1.493515
1453087339706,0.61631775,-1.3785858,-0.7751465
1453087339736,-0.47413635,-1.5398407,-1.2820435
1453087339756,-1.8991394,-1.3890839,-0.9275665
1453087339765,-2.214203,-1.3807068,0.6240692
1453087339787,-1.2155304,-0.9219208,1.275589
1453087339812,-0.058792114,0.14355469,0.368515
1453087339837,0.33825684,0.6581726,-1.0796356
1453087339864,-0.11845398,0.11299133,-1.7878418
1453087339867,-1.02034,-0.24919128,-1.126358
1453087339889,-1.4255066,-0.0030517578,0.6481476
1453087339914,-1.0292053,-0.14375305,2.1245728
1453087339926,0.13102722,0.24746704,1.909195
1453087339946,1.3891754,1.2338104,1.4987488
1453087339975,3.0244904,2.5855713,3.1779022
1453087339986,6.013916,5.316269,6.758209
1453087340007,9.668015,7.905594,9.489731
1453087340033,12.083954,7.425995,9.944275
1453087340045,13.156235,4.043976,8.288467
1453087340066,12.374924,-0.47058105,4.2996216
1453087340093,9.181015,-5.289688,-1.1229248
1453087340117,3.6722717,-10.968536,-6.4188995
1453087340127,-8.991653,-19.65419,-9.483841
1453087340147,-32.916504,-29.526382,-8.386353
1453087340176,-51.317413,-36.636642,-6.723572
1453087340201,-43.537155,-39.75296,-7.9279327
1453087340205,-14.395706,-36.359512,-2.1919708
1453087340236,20.89418,-22.057098,15.957352
1453087340247,46.39627,-0.39413452,26.656555
1453087340267,58.542862,18.098694,18.630325
1453087340295,63.27495,24.658493,3.7247467
1453087340316,58.160477,15.786682,-5.0715027
1453087340325,43.623672,-3.7374115,-3.3334503
1453087340346,25.468887,-25.309143,2.1017914
1453087340371,1.8018036,-44.57744,2.040619
1453087340397,-36.041275,-57.630295,-5.2027435
1453087340420,-71.52704,-60.71762,-16.614777
1453087340426,-71.01965,-58.00685,-22.240005
1453087340451,-30.572266,-51.649506,-8.497086
1453087340468,24.940582,-33.04825,20.061447
1453087340485,61.18416,-3.375885,36.0419
1453087340516,70.92976,21.278961,27.466934
1453087340537,68.48935,29.265518,9.224884
1453087340547,57.537933,18.709381,-1.4827576
1453087340567,50.8665,7.959198,-1.8983765
1453087340592,26.700134,-24.633545,3.6878815
1453087340606,21.944199,-33.258865,6.7849274
1453087340626,-3.9398804,-49.906937,17.028198
1453087340652,-20.510834,-52.40622,19.367691
1453087340672,-77.93323,-55.489273,14.437073
1453087340688,-79.73157,-55.637543,9.541046
1453087340707,-19.42546,-51.41127,2.5002747
1453087340736,5.533951,-45.575714,3.524231
1453087340761,54.857788,-25.32254,7.0305634
1453087340765,77.908035,2.6055145,10.799377
1453087340788,69.71471,21.699402,14.525879
1453087340812,52.000534,21.48468,12.278244
1453087340838,36.196762,7.3349,6.946808
1453087340862,24.264923,-10.979675,3.2677917
1453087340867,14.054398,-25.995575,1.4506989
1453087340892,2.4177094,-35.20775,1.9109192
1453087340909,-18.257355,-40.481964,6.318939
1453087340926,-55.691666,-43.579605,13.603882
1453087340957,-80.81508,-47.00418,19.375992
1453087340977,-63.191315,-52.24208,19.859894
1453087340987,-21.451935,-56.132553,14.569443
1453087341008,25.378448,-50.436996,8.980179
1453087341033,67.340256,-29.456879,3.6839905
1453087341046,85.050476,-2.0657043,-1.6738129
1453087341067,77.49715,14.066147,-6.6339264
1453087341093,59.551315,12.320328,-9.230087
1453087341113,40.66693,-2.4693909,-6.7140656
1453087341128,24.3685,-21.235275,-1.7666016
1453087341148,9.949356,-36.73407,1.2210236
1453087341180,-11.118927,-46.25482,5.274658
1453087341189,-51.42473,-47.629425,15.790894
1453087341211,-90.31691,-45.140793,23.473312
1453087341237,-86.318985,-48.194656,18.47908
1453087341248,-40.80777,-55.666122,7.9420624
1453087341267,20.399643,-53.543762,3.625534
1453087341296,72.616806,-33.008026,1.1101379
1453087341319,92.00513,-4.8499146,-3.6229095
1453087341327,82.97113,11.401901,-8.395493
1453087341350,64.3257,7.9093475,-10.80365
1453087341367,44.310776,-10.612061,-7.617508
1453087341387,25.24591,-32.286102,-1.8563232
1453087341415,8.962784,-46.560303,2.2770538
1453087341435,-7.365341,-53.021957,4.5981903
1453087341447,-40.51625,-53.77806,10.348038
1453087341467,-82.72615,-50.471497,17.304672
1453087341491,-90.408966,-50.717926,16.59813
1453087341519,-53.861786,-58.216354,10.410858
1453087341528,1.2442474,-61.59346,7.998169
1453087341551,52.950104,-46.312866,6.76445
1453087341576,81.967606,-17.179413,-1.0015564
1453087341588,85.20108,7.0979767,-11.246216
1453087341609,75.277145,14.801743,-15.773148
1453087341636,58.868774,4.4044952,-11.628189
1453087341661,39.41504,-16.906876,-3.2883606
1453087341669,20.92543,-37.186264,3.0848083
1453087341686,6.3513336,-48.21164,5.380615
1453087341710,-7.4309387,-52.45459,5.5458984
1453087341739,-36.73169,-53.503098,6.525635
1453087341748,-78.27492,-52.11621,5.920273
1453087341771,-86.72508,-54.493652,3.0116882
1453087341792,-50.94026,-63.779846,2.3293915
1453087341808,-28.508316,-67.18771,3.3623352
1453087341828,46.06189,-58.456497,16.523758
1453087341856,63.656662,-43.256332,18.366638
1453087341876,82.51639,4.4901886,6.171402
1453087341887,82.52167,14.774765,-0.30726624
1453087341908,72.720764,16.236206,-9.505341
1453087341929,65.91893,6.2030487,-7.9888916
1453087341961,36.389023,-28.577393,1.6059113
1453087341970,29.20929,-38.932327,3.4262695
1453087341991,14.6017,-51.59279,3.3155365
1453087342012,-2.0823975,-60.643143,-1.3368225
1453087342029,-38.46364,-66.00949,-11.114883
1453087342047,-76.95979,-65.5446,-21.23407
1453087342077,-71.42496,-65.017975,-18.056198
1453087342097,-30.609772,-66.85878,0.466568
1453087342108,14.947845,-59.46666,25.689438
1453087342128,50.848267,-33.77115,37.93901
1453087342153,68.28656,-1.5514679,24.627731
1453087342178,76.030594,18.700317,2.9185028
1453087342198,78.67105,21.106766,-12.08461
1453087342207,69.749664,6.6202545,-12.612701
1453087342228,50.345734,-16.28476,-1.3227997
1453087342253,29.790237,-36.84549,9.0199585
1453087342283,11.199112,-51.426117,10.820877
1453087342291,-18.44104,-62.210876,4.144821
1453087342314,-63.18814,-66.61888,-8.19957
1453087342339,-83.77428,-66.1436,-16.620346
1453087342350,-56.60611,-67.36397,-9.356964
1453087342367,-7.918564,-64.87958,12.28479
1453087342398,37.921036,-47.012543,32.978455
1453087342419,66.731186,-17.9225,29.737183
1453087342428,77.33124,6.208252,6.2847443
1453087342449,79.24509,16.14212,-12.4153595
1453087342474,72.71016,8.978653,-17.129257
1453087342487,56.934174,-11.229248,-9.107971
1453087342508,36.60855,-34.471375,1.5688782
1453087342534,15.956207,-54.430145,6.062683
1453087342555,-12.67897,-68.86635,5.0362244
1453087342569,-64.59677,-70.02919,-1.257904
1453087342592,-93.64342,-64.775894,-9.328247
1453087342619,-60.09912,-65.1794,-8.819855
1453087342639,-4.7122803,-64.827286,7.939865
1453087342647,46.83339,-49.18123,30.376053
1453087342670,75.97868,-18.957596,23.568054
1453087342695,77.67146,7.265869,-1.3429108
1453087342719,72.26872,16.501541,-14.9626465
1453087342745,64.27469,7.551834,-16.86641
1453087342749,49.759018,-12.70105,-7.9998474
1453087342775,30.642319,-34.152664,2.630722
1453087342791,10.877426,-50.00804,8.226196
1453087342808,-12.90271,-59.711548,8.805237
1453087342830,-52.632126,-61.41017,5.7365265
1453087342860,-82.737366,-60.132385,0.05491638
1453087342869,-65.438,-63.529892,-2.759262
1453087342890,-25.68106,-70.85329,4.6037292
1453087342915,20.850891,-72.117905,32.028534
1453087342929,66.34169,-56.191162,39.766373
1453087342949,85.30629,-25.88005,4.7216187
1453087342975,81.19719,-4.2697296,-21.09166
1453087342996,69.683945,-1.7374115,-23.240738
1453087343011,55.185318,-15.082748,-12.853043
1453087343029,38.11966,-35.545822,-0.70840454
1453087343059,30.751007,-46.24861,2.3698883
1453087343086,-5.9976807,-64.11005,4.9225006
1453087343089,-17.981995,-64.23999,4.4696655
1453087343111,-71.877945,-50.65895,0.67826843
1453087343131,-85.41104,-46.281082,-1.4358063
1453087343161,-49.815506,-53.436417,-0.06796265
1453087343191,-29.849518,-57.61313,5.1876526
1453087343194,33.93245,-58.685806,32.500687
1453087343221,51.35408,-48.282135,28.000809
1453087343231,66.32855,-21.364594,-0.03845215
1453087343248,58.065964,-2.9878082,-15.527069
1453087343272,42.09485,1.0858917,-14.735107
1453087343301,26.386642,-2.7334747,-8.334702
1453087343310,13.401459,-8.2535095,-3.1980743
1453087343331,2.6398773,-12.397583,0.26911926
1453087343356,-6.4159546,-13.141312,4.5486603
1453087343369,-11.688583,-10.323746,7.291855
1453087343390,-11.149902,-6.41864,6.628601
1453087343416,-7.0980988,-3.8734894,4.210144
1453087343444,-3.7545013,-2.868805,2.2406769
1453087343448,-2.152359,-2.609085,0.933136
1453087343475,-1.6234894,-2.066208,-0.8292084
1453087343500,-0.6162262,-0.8631592,-2.8325958
1453087343521,1.7414398,0.22331238,-3.730194
1453087343529,3.4890137,0.5392151,-3.091034
1453087343552,3.180893,0.32092285,-2.1303864
1453087343574,2.144577,-0.04547119,-1.8696594
1453087343590,1.6648407,-0.2881775,-1.9263306
1453087343610,1.4823456,-0.31556702,-1.9158783
1453087343640,1.3919983,-0.23321533,-1.6584167
1453087343649,1.5873108,-0.21464539,-1.1110992
1453087343671,1.868454,-0.3042755,-0.75875854
1453087343696,1.6964417,-0.41548157,-1.0038757
1453087343725,1.0726318,-0.46740723,-1.51297
1453087343733,0.6213989,-0.44100952,-1.5823822
1453087343756,0.63542175,-0.4477234,-1.2415771
1453087343776,1.0973053,-0.61735535,-0.7466736
1453087343792,1.4649506,-0.68685913,-0.7100525
1453087343809,1.2106171,-0.41516113,-1.2063293
1453087343840,0.81744385,-0.12388611,-1.4452667
1453087343864,0.97187805,-0.13700867,-1.278595
1453087343870,1.4923248,-0.25050354,-1.2331543
1453087343894,1.6826935,-0.18423462,-1.3438873
1453087343911,1.3297882,-0.061340332,-1.4199677
1453087343929,1.0717468,-0.13946533,-1.3441315
1453087343959,1.3336792,-0.14860535,-1.2932739
1453087343980,1.5477905,-0.0069122314,-1.0493317
1453087343991,1.5568848,0.037765503,-0.63601685
1453087344010,1.578476,-0.006225586,-0.72080994
1453087344036,1.6164093,-0.09324646,-1.2122498
1453087344060,1.6925659,-0.20838928,-1.2922211
1453087344081,1.7471771,-0.48161316,-0.6693268
1453087344091,1.4107056,-0.63139343,-0.5279999
1453087344120,0.84695435,-0.26013184,-1.192749
1453087344138,0.7423706,0.006713867,-1.3100128
1453087344158,1.1446075,-0.119384766,-0.76908875
1453087344180,1.6154175,-0.1401825,-0.76249695
1453087344205,1.6549835,-0.0945282,-0.93891907
